filename,true_label,predicted_label
accipitridae\13600238_1048944_eol-full-size-copy.jpg,accipitridae,plethodontidae
accipitridae\14129870_912805_eol-full-size-copy.jpg,accipitridae,accipitridae
accipitridae\14177752_45511531_eol-full-size-copy.jpg,accipitridae,bucerotidae
accipitridae\20757085_914531_eol-full-size-copy.jpg,accipitridae,bovidae
accipitridae\21938325_912805_eol-full-size-copy.jpg,accipitridae,carcharhinidae
accipitridae\29887393_1048944_eol-full-size-copy.jpg,accipitridae,bovidae
accipitridae\29887427_1048944_eol-full-size-copy.jpg,accipitridae,salamandridae
accipitridae\29887450_1048944_eol-full-size-copy.jpg,accipitridae,formicidae
accipitridae\29887453_1048944_eol-full-size-copy.jpg,accipitridae,cercopithecidae
accipitridae\29922348_914531_eol-full-size-copy.jpg,accipitridae,bucerotidae
accipitridae\30053715_912805_eol-full-size-copy.jpg,accipitridae,laridae
accipitridae\9444373_45511531_eol-full-size-copy.jpg,accipitridae,cercopithecidae
acipenseridae\12305607_46561170_eol-full-size-copy.jpg,acipenseridae,carcharhinidae
acipenseridae\12305610_46561170_eol-full-size-copy.jpg,acipenseridae,bovidae
acipenseridae\20495358_205910_eol-full-size-copy.jpg,acipenseridae,cercopithecidae
acipenseridae\20495361_205910_eol-full-size-copy.jpg,acipenseridae,bovidae
acipenseridae\2746428_205910_eol-full-size-copy.jpg,acipenseridae,carcharhinidae
acipenseridae\2746437_205910_eol-full-size-copy.jpg,acipenseridae,diomedeidae
acipenseridae\30098484_205909_eol-full-size-copy.jpg,acipenseridae,dactyloidae
acipenseridae\30098488_205909_eol-full-size-copy.jpg,acipenseridae,carcharhinidae
acipenseridae\30098508_205909_eol-full-size-copy.jpg,acipenseridae,dactyloidae
acroporidae\20197417_45276321_eol-full-size-copy.jpg,acroporidae,plethodontidae
acroporidae\20991874_45276219_eol-full-size-copy.jpg,acroporidae,bovidae
acroporidae\20991879_45276219_eol-full-size-copy.jpg,acroporidae,carcharhinidae
acroporidae\21611333_45276323_eol-full-size-copy.jpg,acroporidae,agariciidae
acroporidae\22147232_45276300_eol-full-size-copy.jpg,acroporidae,carcharhinidae
acroporidae\22147236_45276300_eol-full-size-copy.jpg,acroporidae,acroporidae
acroporidae\22147241_45276300_eol-full-size-copy.jpg,acroporidae,acroporidae
acroporidae\28219364_45276311_eol-full-size-copy.jpg,acroporidae,acroporidae
acroporidae\28219367_45276311_eol-full-size-copy.jpg,acroporidae,acroporidae
acroporidae\28219378_45276311_eol-full-size-copy.jpg,acroporidae,acroporidae
acroporidae\28261328_45276299_eol-full-size-copy.jpg,acroporidae,atelidae
acroporidae\28261340_45276299_eol-full-size-copy.jpg,acroporidae,serranidae
acroporidae\28274608_45276283_eol-full-size-copy.jpg,acroporidae,acroporidae
acroporidae\28274614_45276283_eol-full-size-copy.jpg,acroporidae,bucerotidae
acroporidae\28274640_45276283_eol-full-size-copy.jpg,acroporidae,dactyloidae
acroporidae\28343272_45276323_eol-full-size-copy.jpg,acroporidae,acroporidae
acroporidae\28343278_45276323_eol-full-size-copy.jpg,acroporidae,acroporidae
acroporidae\28343289_45276323_eol-full-size-copy.jpg,acroporidae,acroporidae
acroporidae\28343293_45276323_eol-full-size-copy.jpg,acroporidae,bufonidae
acroporidae\29674755_45276219_eol-full-size-copy.jpg,acroporidae,agariciidae
acroporidae\29729528_45276300_eol-full-size-copy.jpg,acroporidae,bucerotidae
agamidae\21377821_1055122_eol-full-size-copy.jpg,agamidae,salamandridae
agamidae\21377822_1055122_eol-full-size-copy.jpg,agamidae,salamandridae
agamidae\21827120_795456_eol-full-size-copy.jpg,agamidae,goodeidae
agamidae\29343340_1055122_eol-full-size-copy.jpg,agamidae,plethodontidae
agamidae\29343354_1055122_eol-full-size-copy.jpg,agamidae,formicidae
agamidae\30031478_795456_eol-full-size-copy.jpg,agamidae,formicidae
agariciidae\22164181_45276460_eol-full-size-copy.jpg,agariciidae,dactyloidae
agariciidae\22688290_45276507_eol-full-size-copy.jpg,agariciidae,bovidae
agariciidae\22688297_45276507_eol-full-size-copy.jpg,agariciidae,acroporidae
agariciidae\28221213_45276460_eol-full-size-copy.jpg,agariciidae,plethodontidae
agariciidae\28221223_45276460_eol-full-size-copy.jpg,agariciidae,agariciidae
agariciidae\28221250_45276460_eol-full-size-copy.jpg,agariciidae,cercopithecidae
agariciidae\28307522_45276518_eol-full-size-copy.jpg,agariciidae,agariciidae
agariciidae\28307524_45276518_eol-full-size-copy.jpg,agariciidae,agariciidae
agariciidae\28307528_45276518_eol-full-size-copy.jpg,agariciidae,faviidae
agariciidae\28307533_45276518_eol-full-size-copy.jpg,agariciidae,faviidae
agariciidae\28307546_45276518_eol-full-size-copy.jpg,agariciidae,plethodontidae
agariciidae\28318037_45276459_eol-full-size-copy.jpg,agariciidae,agariciidae
albulidae\14036001_46581467_eol-full-size-copy.jpg,albulidae,carcharhinidae
albulidae\21001015_46581467_eol-full-size-copy.jpg,albulidae,plethodontidae
albulidae\21001018_46581467_eol-full-size-copy.jpg,albulidae,carcharhinidae
alcedinidae\22827394_45516469_eol-full-size-copy.jpg,alcedinidae,cercopithecidae
alcedinidae\28854896_45516469_eol-full-size-copy.jpg,alcedinidae,cercopithecidae
alcedinidae\28854899_45516469_eol-full-size-copy.jpg,alcedinidae,accipitridae
alligatoridae\13986094_1055872_eol-full-size-copy.jpg,alligatoridae,cercopithecidae
alligatoridae\22252275_1055872_eol-full-size-copy.jpg,alligatoridae,cercopithecidae
alligatoridae\22252287_1055872_eol-full-size-copy.jpg,alligatoridae,delphinidae
alopiidae\21629971_46559745_eol-full-size-copy.jpg,alopiidae,carcharhinidae
alopiidae\21629985_46559745_eol-full-size-copy.jpg,alopiidae,carcharhinidae
alopiidae\22310562_46559744_eol-full-size-copy.jpg,alopiidae,carcharhinidae
alopiidae\28020544_46559745_eol-full-size-copy.jpg,alopiidae,acroporidae
alopiidae\29907329_46559744_eol-full-size-copy.jpg,alopiidae,acroporidae
alopiidae\30215984_46559744_eol-full-size-copy.jpg,alopiidae,salamandridae
ambystomatidae\21657015_1019149_eol-full-size-copy.jpg,ambystomatidae,hylobatidae
ambystomatidae\29447098_1019571_eol-full-size-copy.jpg,ambystomatidae,bufonidae
ambystomatidae\29447112_1019571_eol-full-size-copy.jpg,ambystomatidae,salamandridae
ambystomatidae\29447130_1019571_eol-full-size-copy.jpg,ambystomatidae,formicidae
ambystomatidae\8798877_1019149_eol-full-size-copy.jpg,ambystomatidae,dactyloidae
ambystomatidae\8798878_1019149_eol-full-size-copy.jpg,ambystomatidae,aotidae
anatidae\12126_45513542_eol-full-size-copy.jpg,anatidae,formicidae
anatidae\14026036_45513549_eol-full-size-copy.jpg,anatidae,carcharhinidae
anatidae\22044902_45513549_eol-full-size-copy.jpg,anatidae,diomedeidae
anatidae\22044906_45513549_eol-full-size-copy.jpg,anatidae,laridae
anatidae\22519441_914532_eol-full-size-copy.jpg,anatidae,salamandridae
anatidae\22519443_914532_eol-full-size-copy.jpg,anatidae,laridae
anatidae\22519445_914532_eol-full-size-copy.jpg,anatidae,agariciidae
anatidae\22818992_45510585_eol-full-size-copy.jpg,anatidae,carcharhinidae
anatidae\22818994_45510585_eol-full-size-copy.jpg,anatidae,carcharhinidae
anatidae\29384570_45513549_eol-full-size-copy.jpg,anatidae,carcharhinidae
anatidae\29384571_45513549_eol-full-size-copy.jpg,anatidae,anatidae
anatidae\29384572_45513549_eol-full-size-copy.jpg,anatidae,laridae
anatidae\29742363_1065125_eol-full-size-copy.jpg,anatidae,diomedeidae
anatidae\30056821_45510585_eol-full-size-copy.jpg,anatidae,acroporidae
anatidae\30089655_45510548_eol-full-size-copy.jpg,anatidae,bovidae
anatidae\30089656_45510548_eol-full-size-copy.jpg,anatidae,anatidae
anatidae\30089659_45510548_eol-full-size-copy.jpg,anatidae,bovidae
anatidae\475_45513549_eol-full-size-copy.jpg,anatidae,anatidae
anguidae\22946264_1057320_eol-full-size-copy.jpg,anguidae,plethodontidae
anguidae\28407058_1057320_eol-full-size-copy.jpg,anguidae,psittaculidae
anguidae\28407063_1057320_eol-full-size-copy.jpg,anguidae,bovidae
anguidae\28493948_816079_eol-full-size-copy.jpg,anguidae,acroporidae
anguidae\29457325_1057320_eol-full-size-copy.jpg,anguidae,plethodontidae
anguidae\8782005_1057320_eol-full-size-copy.jpg,anguidae,formicidae
aotidae\21754958_4453261_eol-full-size-copy.jpg,aotidae,spheniscidae
aotidae\21754960_4453261_eol-full-size-copy.jpg,aotidae,cercopithecidae
aotidae\22627509_323929_eol-full-size-copy.jpg,aotidae,ursidae
aotidae\22627522_323929_eol-full-size-copy.jpg,aotidae,bufonidae
aotidae\28167976_323929_eol-full-size-copy.jpg,aotidae,aotidae
aotidae\28167982_323929_eol-full-size-copy.jpg,aotidae,aotidae
apidae\20647915_1065369_eol-full-size-copy.jpg,apidae,psittacidae
apidae\28214445_1065290_eol-full-size-copy.jpg,apidae,apidae
apidae\28253623_1065348_eol-full-size-copy.jpg,apidae,apidae
apidae\28253626_1065348_eol-full-size-copy.jpg,apidae,apidae
apidae\28260784_1065329_eol-full-size-copy.jpg,apidae,apidae
apidae\28260796_1065329_eol-full-size-copy.jpg,apidae,apidae
apidae\28260803_1065329_eol-full-size-copy.jpg,apidae,apidae
apidae\28260811_1065329_eol-full-size-copy.jpg,apidae,apidae
apidae\28345388_1065369_eol-full-size-copy.jpg,apidae,apidae
apidae\28408283_1065346_eol-full-size-copy.jpg,apidae,apidae
apidae\28408353_1065346_eol-full-size-copy.jpg,apidae,apidae
apidae\28408373_1065346_eol-full-size-copy.jpg,apidae,apidae
apidae\28830749_1065329_eol-full-size-copy.jpg,apidae,trochilidae
apidae\28830754_1065329_eol-full-size-copy.jpg,apidae,chaetodontidae
apidae\29594785_1065348_eol-full-size-copy.jpg,apidae,dactyloidae
ardeidae\14103231_1049004_eol-full-size-copy.jpg,ardeidae,cercopithecidae
ardeidae\14103233_1049004_eol-full-size-copy.jpg,ardeidae,plethodontidae
ardeidae\22240803_45517756_eol-full-size-copy.jpg,ardeidae,plethodontidae
ardeidae\22240805_45517756_eol-full-size-copy.jpg,ardeidae,salamandridae
ardeidae\29727653_1049004_eol-full-size-copy.jpg,ardeidae,bucerotidae
ardeidae\29727661_1049004_eol-full-size-copy.jpg,ardeidae,bovidae
arthroleptidae\21658212_332015_eol-full-size-copy.jpg,arthroleptidae,bufonidae
arthroleptidae\21658220_332015_eol-full-size-copy.jpg,arthroleptidae,formicidae
arthroleptidae\29109226_332015_eol-full-size-copy.jpg,arthroleptidae,plethodontidae
atelidae\20312745_323914_eol-full-size-copy.jpg,atelidae,bucerotidae
atelidae\20312747_323914_eol-full-size-copy.jpg,atelidae,cercopithecidae
atelidae\20312749_323914_eol-full-size-copy.jpg,atelidae,cercopithecidae
atelidae\20312752_323914_eol-full-size-copy.jpg,atelidae,cercopithecidae
atelidae\20547044_4453214_eol-full-size-copy.jpg,atelidae,bucerotidae
atelidae\21062134_4472389_eol-full-size-copy.jpg,atelidae,atelidae
atelidae\28208606_4453214_eol-full-size-copy.jpg,atelidae,atelidae
atelidae\28208612_4453214_eol-full-size-copy.jpg,atelidae,atelidae
atelidae\28508441_323933_eol-full-size-copy.jpg,atelidae,bucerotidae
atelidae\28508493_323914_eol-full-size-copy.jpg,atelidae,bufonidae
atelidae\28508502_323914_eol-full-size-copy.jpg,atelidae,bucerotidae
atelidae\28508517_323914_eol-full-size-copy.jpg,atelidae,bucerotidae
atelidae\28508534_323914_eol-full-size-copy.jpg,atelidae,atelidae
atelidae\29865985_4472389_eol-full-size-copy.jpg,atelidae,psittacidae
atelidae\30029467_323933_eol-full-size-copy.jpg,atelidae,anatidae
attelabidae\22864945_52691998_eol-full-size-copy.jpg,attelabidae,salamandridae
attelabidae\29600174_52691998_eol-full-size-copy.jpg,attelabidae,diomedeidae
attelabidae\29600178_52691998_eol-full-size-copy.jpg,attelabidae,bufonidae
balaenicipitidae\28276499_1049385_eol-full-size-copy.jpg,balaenicipitidae,dactyloidae
balaenicipitidae\28276511_1049385_eol-full-size-copy.jpg,balaenicipitidae,dactyloidae
balaenicipitidae\29346042_1049385_eol-full-size-copy.jpg,balaenicipitidae,bovidae
balaenidae\20140552_46559421_eol-full-size-copy.jpg,balaenidae,diomedeidae
balaenidae\29364672_46559421_eol-full-size-copy.jpg,balaenidae,carcharhinidae
balaenidae\29364689_46559421_eol-full-size-copy.jpg,balaenidae,bovidae
balaenopteridae\21756534_46559441_eol-full-size-copy.jpg,balaenopteridae,bucerotidae
balaenopteridae\21756538_46559441_eol-full-size-copy.jpg,balaenopteridae,diomedeidae
balaenopteridae\29621019_46559441_eol-full-size-copy.jpg,balaenopteridae,carcharhinidae
balistidae\12010_46570656_eol-full-size-copy.jpg,balistidae,formicidae
balistidae\13985130_46570657_eol-full-size-copy.jpg,balistidae,chaetodontidae
balistidae\21023075_46570657_eol-full-size-copy.jpg,balistidae,carcharhinidae
balistidae\28070037_46570657_eol-full-size-copy.jpg,balistidae,laridae
balistidae\28940492_46570657_eol-full-size-copy.jpg,balistidae,serranidae
balistidae\29627762_46570656_eol-full-size-copy.jpg,balistidae,merulinidae
bombycillidae\20944079_45518794_eol-full-size-copy.jpg,bombycillidae,bucerotidae
bombycillidae\20944085_45518794_eol-full-size-copy.jpg,bombycillidae,cercopithecidae
bombycillidae\29951961_45518794_eol-full-size-copy.jpg,bombycillidae,formicidae
bovidae\14048329_328695_eol-full-size-copy.jpg,bovidae,plethodontidae
bovidae\20063774_331080_eol-full-size-copy.jpg,bovidae,psittacidae
bovidae\21600388_1038782_eol-full-size-copy.jpg,bovidae,formicidae
bovidae\21600389_1038782_eol-full-size-copy.jpg,bovidae,bovidae
bovidae\21600396_1038782_eol-full-size-copy.jpg,bovidae,formicidae
bovidae\22169282_328695_eol-full-size-copy.jpg,bovidae,formicidae
bovidae\22169286_328695_eol-full-size-copy.jpg,bovidae,formicidae
bovidae\22191924_1038777_eol-full-size-copy.jpg,bovidae,laridae
bovidae\22218824_1038801_eol-full-size-copy.jpg,bovidae,bovidae
bovidae\22218834_1038801_eol-full-size-copy.jpg,bovidae,crocodylidae
bovidae\22886870_1038796_eol-full-size-copy.jpg,bovidae,bovidae
bovidae\28934454_1038782_eol-full-size-copy.jpg,bovidae,diomedeidae
bovidae\28934458_1038782_eol-full-size-copy.jpg,bovidae,bovidae
bovidae\29355187_331074_eol-full-size-copy.jpg,bovidae,bovidae
bovidae\29355203_331074_eol-full-size-copy.jpg,bovidae,cercopithecidae
bovidae\29355205_331074_eol-full-size-copy.jpg,bovidae,myliobatidae
bovidae\29462170_331080_eol-full-size-copy.jpg,bovidae,bovidae
bovidae\29981759_1038796_eol-full-size-copy.jpg,bovidae,bovidae
bovidae\30070959_1038777_eol-full-size-copy.jpg,bovidae,bovidae
bovidae\30070961_1038777_eol-full-size-copy.jpg,bovidae,bovidae
bovidae\30070967_1038777_eol-full-size-copy.jpg,bovidae,salamandridae
bovidae\30070975_1038777_eol-full-size-copy.jpg,bovidae,bovidae
bovidae\30070979_1038777_eol-full-size-copy.jpg,bovidae,diomedeidae
bovidae\8965876_1038796_eol-full-size-copy.jpg,bovidae,acroporidae
brachypteraciidae\22513668_45514059_eol-full-size-copy.jpg,brachypteraciidae,bucerotidae
brachypteraciidae\22513670_45514059_eol-full-size-copy.jpg,brachypteraciidae,dactyloidae
brachypteraciidae\28391489_45514059_eol-full-size-copy.jpg,brachypteraciidae,brachypteraciidae
bucerotidae\20067841_1047996_eol-full-size-copy.jpg,bucerotidae,bucerotidae
bucerotidae\20067851_1047996_eol-full-size-copy.jpg,bucerotidae,salamandridae
bucerotidae\21361955_1065067_eol-full-size-copy.jpg,bucerotidae,diomedeidae
bucerotidae\21361958_1065067_eol-full-size-copy.jpg,bucerotidae,cercopithecidae
bucerotidae\21361960_1065067_eol-full-size-copy.jpg,bucerotidae,bucerotidae
bucerotidae\21361963_1065067_eol-full-size-copy.jpg,bucerotidae,bovidae
bucerotidae\22069075_1065063_eol-full-size-copy.jpg,bucerotidae,carcharhinidae
bucerotidae\22930581_1227079_eol-full-size-copy.jpg,bucerotidae,laridae
bucerotidae\22930585_1227079_eol-full-size-copy.jpg,bucerotidae,bucerotidae
bucerotidae\22930589_1227079_eol-full-size-copy.jpg,bucerotidae,bucerotidae
bucerotidae\28737916_1065063_eol-full-size-copy.jpg,bucerotidae,anatidae
bucerotidae\28747962_1048409_eol-full-size-copy.jpg,bucerotidae,anatidae
bucerotidae\28935030_1227079_eol-full-size-copy.jpg,bucerotidae,cercopithecidae
bucerotidae\29455167_1048403_eol-full-size-copy.jpg,bucerotidae,bucerotidae
bucerotidae\29658949_1065063_eol-full-size-copy.jpg,bucerotidae,spheniscidae
bucerotidae\29658967_1065063_eol-full-size-copy.jpg,bucerotidae,bucerotidae
bucerotidae\29658995_1065063_eol-full-size-copy.jpg,bucerotidae,carcharhinidae
bucerotidae\29902202_1065065_eol-full-size-copy.jpg,bucerotidae,carcharhinidae
bucerotidae\29902248_1065065_eol-full-size-copy.jpg,bucerotidae,cercopithecidae
bucerotidae\30099880_1047996_eol-full-size-copy.jpg,bucerotidae,accipitridae
bucerotidae\30099884_1047996_eol-full-size-copy.jpg,bucerotidae,cercopithecidae
bufonidae\14130546_332433_eol-full-size-copy.jpg,bufonidae,formicidae
bufonidae\14130550_332433_eol-full-size-copy.jpg,bufonidae,formicidae
bufonidae\14130564_332433_eol-full-size-copy.jpg,bufonidae,formicidae
bufonidae\14191855_1039153_eol-full-size-copy.jpg,bufonidae,formicidae
bufonidae\14191858_1039153_eol-full-size-copy.jpg,bufonidae,formicidae
bufonidae\20294974_130707_eol-full-size-copy.jpg,bufonidae,bovidae
bufonidae\20724850_331378_eol-full-size-copy.jpg,bufonidae,bovidae
bufonidae\29391138_1039153_eol-full-size-copy.jpg,bufonidae,formicidae
bufonidae\29391140_1039153_eol-full-size-copy.jpg,bufonidae,bufonidae
bufonidae\29391166_1039153_eol-full-size-copy.jpg,bufonidae,bufonidae
bufonidae\29441802_331378_eol-full-size-copy.jpg,bufonidae,salamandridae
bufonidae\29441855_130707_eol-full-size-copy.jpg,bufonidae,bufonidae
bufonidae\29515038_332433_eol-full-size-copy.jpg,bufonidae,salamandridae
bufonidae\8777749_1019250_eol-full-size-copy.jpg,bufonidae,anatidae
bufonidae\8777754_1019250_eol-full-size-copy.jpg,bufonidae,bovidae
burhinidae\21541534_45518912_eol-full-size-copy.jpg,burhinidae,cercopithecidae
burhinidae\21706923_45517788_eol-full-size-copy.jpg,burhinidae,cercopithecidae
burhinidae\21706927_45517788_eol-full-size-copy.jpg,burhinidae,formicidae
burhinidae\28928767_45518912_eol-full-size-copy.jpg,burhinidae,bufonidae
burhinidae\29684467_45517788_eol-full-size-copy.jpg,burhinidae,carcharhinidae
burhinidae\29684475_45517788_eol-full-size-copy.jpg,burhinidae,laridae
cacatuidae\21303698_45511260_eol-full-size-copy.jpg,cacatuidae,cacatuidae
cacatuidae\28743049_45511260_eol-full-size-copy.jpg,cacatuidae,bufonidae
cacatuidae\28743050_45511260_eol-full-size-copy.jpg,cacatuidae,formicidae
callitrichidae\14218148_323892_eol-full-size-copy.jpg,callitrichidae,formicidae
callitrichidae\21330545_323904_eol-full-size-copy.jpg,callitrichidae,plethodontidae
callitrichidae\22567540_323886_eol-full-size-copy.jpg,callitrichidae,acroporidae
callitrichidae\22567550_323886_eol-full-size-copy.jpg,callitrichidae,plethodontidae
callitrichidae\28241046_323892_eol-full-size-copy.jpg,callitrichidae,carcharhinidae
callitrichidae\28905196_323886_eol-full-size-copy.jpg,callitrichidae,bucerotidae
callitrichidae\29014297_323908_eol-full-size-copy.jpg,callitrichidae,salamandridae
callitrichidae\29014312_323908_eol-full-size-copy.jpg,callitrichidae,bucerotidae
callitrichidae\29014320_323908_eol-full-size-copy.jpg,callitrichidae,dactyloidae
callitrichidae\29473109_323892_eol-full-size-copy.jpg,callitrichidae,cercopithecidae
callitrichidae\29473122_323892_eol-full-size-copy.jpg,callitrichidae,formicidae
callitrichidae\29473130_323892_eol-full-size-copy.jpg,callitrichidae,cercopithecidae
callorhinchidae\29819261_46561158_eol-full-size-copy.jpg,callorhinchidae,salamandridae
callorhinchidae\29819264_46561158_eol-full-size-copy.jpg,callorhinchidae,atelidae
callorhinchidae\29819270_46561158_eol-full-size-copy.jpg,callorhinchidae,carcharhinidae
caprimulgidae\21448024_45509477_eol-full-size-copy.jpg,caprimulgidae,cercopithecidae
caprimulgidae\28935289_45509477_eol-full-size-copy.jpg,caprimulgidae,plethodontidae
caprimulgidae\28935294_45509477_eol-full-size-copy.jpg,caprimulgidae,formicidae
carabidae\10787833_2867406_eol-full-size-copy.jpg,carabidae,salamandridae
carabidae\20112668_862121_eol-full-size-copy.jpg,carabidae,bovidae
carabidae\28587518_862121_eol-full-size-copy.jpg,carabidae,formicidae
carabidae\28933417_2867406_eol-full-size-copy.jpg,carabidae,salamandridae
carabidae\8826779_862121_eol-full-size-copy.jpg,carabidae,bovidae
carabidae\8826797_862121_eol-full-size-copy.jpg,carabidae,formicidae
carcharhinidae\20071642_46559814_eol-full-size-copy.jpg,carcharhinidae,salamandridae
carcharhinidae\20071645_46559814_eol-full-size-copy.jpg,carcharhinidae,carcharhinidae
carcharhinidae\20218664_46559780_eol-full-size-copy.jpg,carcharhinidae,carcharhinidae
carcharhinidae\20218668_46559780_eol-full-size-copy.jpg,carcharhinidae,plethodontidae
carcharhinidae\20218672_46559780_eol-full-size-copy.jpg,carcharhinidae,plethodontidae
carcharhinidae\20863614_46559811_eol-full-size-copy.jpg,carcharhinidae,dactyloidae
carcharhinidae\20863618_46559811_eol-full-size-copy.jpg,carcharhinidae,carcharhinidae
carcharhinidae\21723999_46559790_eol-full-size-copy.jpg,carcharhinidae,diomedeidae
carcharhinidae\21724001_46559790_eol-full-size-copy.jpg,carcharhinidae,salamandridae
carcharhinidae\21724007_46559790_eol-full-size-copy.jpg,carcharhinidae,carcharhinidae
carcharhinidae\21881717_46559800_eol-full-size-copy.jpg,carcharhinidae,carcharhinidae
carcharhinidae\21881718_46559800_eol-full-size-copy.jpg,carcharhinidae,carcharhinidae
carcharhinidae\21881720_46559800_eol-full-size-copy.jpg,carcharhinidae,carcharhinidae
carcharhinidae\21881724_46559800_eol-full-size-copy.jpg,carcharhinidae,carcharhinidae
carcharhinidae\22226361_46559793_eol-full-size-copy.jpg,carcharhinidae,carcharhinidae
carcharhinidae\22512346_46559786_eol-full-size-copy.jpg,carcharhinidae,carcharhinidae
carcharhinidae\24592204_46559800_eol-full-size-copy.jpg,carcharhinidae,carcharhinidae
carcharhinidae\24592257_46559793_eol-full-size-copy.jpg,carcharhinidae,carcharhinidae
carcharhinidae\28896587_46559800_eol-full-size-copy.jpg,carcharhinidae,carcharhinidae
carcharhinidae\29037817_46559790_eol-full-size-copy.jpg,carcharhinidae,laridae
carcharhinidae\29270470_46559793_eol-full-size-copy.jpg,carcharhinidae,carcharhinidae
carcharhinidae\29270483_46559793_eol-full-size-copy.jpg,carcharhinidae,carcharhinidae
carcharhinidae\29347798_46559811_eol-full-size-copy.jpg,carcharhinidae,carcharhinidae
carcharhinidae\29394574_46559813_eol-full-size-copy.jpg,carcharhinidae,carcharhinidae
carcharhinidae\29485439_46559780_eol-full-size-copy.jpg,carcharhinidae,carcharhinidae
carcharhinidae\29980093_46559786_eol-full-size-copy.jpg,carcharhinidae,carcharhinidae
carcharhinidae\30056854_46559787_eol-full-size-copy.jpg,carcharhinidae,carcharhinidae
cardiidae\14116052_46473747_eol-full-size-copy.jpg,cardiidae,bovidae
cardiidae\14735892_46473747_eol-full-size-copy.jpg,cardiidae,rhinodermatidae
cardiidae\22914588_46473747_eol-full-size-copy.jpg,cardiidae,bovidae
cardiidae\28861392_46473747_eol-full-size-copy.jpg,cardiidae,goodeidae
cardiidae\28861424_46473747_eol-full-size-copy.jpg,cardiidae,plethodontidae
cardiidae\9263094_46473744_eol-full-size-copy.jpg,cardiidae,psittacidae
carettochelyidae\29758952_1056984_eol-full-size-copy.jpg,carettochelyidae,cercopithecidae
carettochelyidae\29758962_1056984_eol-full-size-copy.jpg,carettochelyidae,bufonidae
carettochelyidae\29758967_1056984_eol-full-size-copy.jpg,carettochelyidae,cercopithecidae
cebidae\14015322_4453333_eol-full-size-copy.jpg,cebidae,bovidae
cebidae\14015328_4453333_eol-full-size-copy.jpg,cebidae,cercopithecidae
cebidae\20577185_4453333_eol-full-size-copy.jpg,cebidae,salamandridae
cebidae\20577191_4453333_eol-full-size-copy.jpg,cebidae,cercopithecidae
cebidae\22730719_4453305_eol-full-size-copy.jpg,cebidae,trochilidae
cebidae\29377088_4453333_eol-full-size-copy.jpg,cebidae,cercopithecidae
cebidae\29468525_4453294_eol-full-size-copy.jpg,cebidae,formicidae
cebidae\29468558_4453294_eol-full-size-copy.jpg,cebidae,bucerotidae
cebidae\29900915_4453305_eol-full-size-copy.jpg,cebidae,acroporidae
cerambycidae\22539004_354871_eol-full-size-copy.jpg,cerambycidae,salamandridae
cerambycidae\22539013_354871_eol-full-size-copy.jpg,cerambycidae,bovidae
cerambycidae\22539015_354871_eol-full-size-copy.jpg,cerambycidae,ranidae
cercopithecidae\11765_311183_eol-full-size-copy.jpg,cercopithecidae,anatidae
cercopithecidae\20239903_4453917_eol-full-size-copy.jpg,cercopithecidae,atelidae
cercopithecidae\20239908_4453917_eol-full-size-copy.jpg,cercopithecidae,cercopithecidae
cercopithecidae\20239911_4453917_eol-full-size-copy.jpg,cercopithecidae,salamandridae
cercopithecidae\20339051_323960_eol-full-size-copy.jpg,cercopithecidae,salamandridae
cercopithecidae\21709143_47049694_eol-full-size-copy.jpg,cercopithecidae,accipitridae
cercopithecidae\21709144_47049694_eol-full-size-copy.jpg,cercopithecidae,bovidae
cercopithecidae\22140488_311432_eol-full-size-copy.jpg,cercopithecidae,cercopithecidae
cercopithecidae\22140490_311432_eol-full-size-copy.jpg,cercopithecidae,cercopithecidae
cercopithecidae\22140491_311432_eol-full-size-copy.jpg,cercopithecidae,spheniscidae
cercopithecidae\22140492_311432_eol-full-size-copy.jpg,cercopithecidae,otariidae
cercopithecidae\22194642_1010637_eol-full-size-copy.jpg,cercopithecidae,bovidae
cercopithecidae\22521694_128466_eol-full-size-copy.jpg,cercopithecidae,bovidae
cercopithecidae\22521703_128466_eol-full-size-copy.jpg,cercopithecidae,spheniscidae
cercopithecidae\28271916_7239723_eol-full-size-copy.jpg,cercopithecidae,cercopithecidae
cercopithecidae\28271957_7239723_eol-full-size-copy.jpg,cercopithecidae,cercopithecidae
cercopithecidae\28271961_7239723_eol-full-size-copy.jpg,cercopithecidae,cercopithecidae
cercopithecidae\28336580_1010637_eol-full-size-copy.jpg,cercopithecidae,cercopithecidae
cercopithecidae\28902862_311199_eol-full-size-copy.jpg,cercopithecidae,bovidae
cercopithecidae\28902884_311199_eol-full-size-copy.jpg,cercopithecidae,salamandridae
cercopithecidae\28902907_311199_eol-full-size-copy.jpg,cercopithecidae,bucerotidae
cercopithecidae\28925315_311183_eol-full-size-copy.jpg,cercopithecidae,carcharhinidae
cercopithecidae\28989392_311432_eol-full-size-copy.jpg,cercopithecidae,dactyloidae
cercopithecidae\28989399_311432_eol-full-size-copy.jpg,cercopithecidae,cercopithecidae
cercopithecidae\29636606_47049694_eol-full-size-copy.jpg,cercopithecidae,cercopithecidae
cercopithecidae\30095008_4453913_eol-full-size-copy.jpg,cercopithecidae,cercopithecidae
cercopithecidae\30095018_4453913_eol-full-size-copy.jpg,cercopithecidae,cercopithecidae
cercopithecidae\30095031_4453913_eol-full-size-copy.jpg,cercopithecidae,salamandridae
cercopithecidae\30095045_4453913_eol-full-size-copy.jpg,cercopithecidae,accipitridae
cercopithecidae\9466095_1010637_eol-full-size-copy.jpg,cercopithecidae,cracidae
cervidae\14164358_308403_eol-full-size-copy.jpg,cervidae,formicidae
cervidae\22814112_308403_eol-full-size-copy.jpg,cervidae,formicidae
cervidae\29400556_308403_eol-full-size-copy.jpg,cervidae,bufonidae
cetorhinidae\20154088_46559748_eol-full-size-copy.jpg,cetorhinidae,carcharhinidae
cetorhinidae\28745482_46559748_eol-full-size-copy.jpg,cetorhinidae,plethodontidae
cetorhinidae\29342644_46559748_eol-full-size-copy.jpg,cetorhinidae,carcharhinidae
chaetodontidae\21543538_46578271_eol-full-size-copy.jpg,chaetodontidae,salamandridae
chaetodontidae\21543551_46578271_eol-full-size-copy.jpg,chaetodontidae,chaetodontidae
chaetodontidae\21543553_46578271_eol-full-size-copy.jpg,chaetodontidae,bufonidae
chaetodontidae\22517370_46578204_eol-full-size-copy.jpg,chaetodontidae,laridae
chaetodontidae\22517371_46578204_eol-full-size-copy.jpg,chaetodontidae,carcharhinidae
chaetodontidae\24589594_46578271_eol-full-size-copy.jpg,chaetodontidae,bufonidae
chamaeleonidae\20226660_47044474_eol-full-size-copy.jpg,chamaeleonidae,bufonidae
chamaeleonidae\20226668_47044474_eol-full-size-copy.jpg,chamaeleonidae,dactyloidae
chamaeleonidae\20589353_1286909_eol-full-size-copy.jpg,chamaeleonidae,plethodontidae
chamaeleonidae\20589355_1286909_eol-full-size-copy.jpg,chamaeleonidae,myliobatidae
chamaeleonidae\29608264_1286909_eol-full-size-copy.jpg,chamaeleonidae,euphylliidae
chamaeleonidae\29746938_47044474_eol-full-size-copy.jpg,chamaeleonidae,spheniscidae
charadriidae\22103785_1049135_eol-full-size-copy.jpg,charadriidae,diomedeidae
charadriidae\22103803_1049135_eol-full-size-copy.jpg,charadriidae,plethodontidae
charadriidae\28882338_1049111_eol-full-size-copy.jpg,charadriidae,formicidae
charadriidae\29772104_1049135_eol-full-size-copy.jpg,charadriidae,psittacidae
charadriidae\29772111_1049135_eol-full-size-copy.jpg,charadriidae,anatidae
charadriidae\29772114_1049135_eol-full-size-copy.jpg,charadriidae,dactyloidae
cheirogaleidae\22281481_324405_eol-full-size-copy.jpg,cheirogaleidae,bufonidae
cheirogaleidae\30086740_324405_eol-full-size-copy.jpg,cheirogaleidae,agariciidae
cheirogaleidae\30086744_324405_eol-full-size-copy.jpg,cheirogaleidae,bovidae
chelidae\22434040_2815879_eol-full-size-copy.jpg,chelidae,bucerotidae
chelidae\22434046_2815879_eol-full-size-copy.jpg,chelidae,acroporidae
chelidae\22434055_2815879_eol-full-size-copy.jpg,chelidae,carcharhinidae
chelidae\22986448_791049_eol-full-size-copy.jpg,chelidae,bucerotidae
chelidae\28754499_2815879_eol-full-size-copy.jpg,chelidae,bovidae
chelidae\29632485_791049_eol-full-size-copy.jpg,chelidae,bufonidae
cheloniidae\28673694_46559476_eol-full-size-copy.jpg,cheloniidae,formicidae
cheloniidae\28673698_46559476_eol-full-size-copy.jpg,cheloniidae,bufonidae
cheloniidae\29621263_46559476_eol-full-size-copy.jpg,cheloniidae,acroporidae
chelydridae\28673723_791511_eol-full-size-copy.jpg,chelydridae,plethodontidae
chelydridae\29759030_791511_eol-full-size-copy.jpg,chelydridae,laridae
chelydridae\29759040_791511_eol-full-size-copy.jpg,chelydridae,plethodontidae
ciconiidae\20703734_1049138_eol-full-size-copy.jpg,ciconiidae,bucerotidae
ciconiidae\20703738_1049138_eol-full-size-copy.jpg,ciconiidae,anatidae
ciconiidae\21548299_1049155_eol-full-size-copy.jpg,ciconiidae,plethodontidae
ciconiidae\29900927_1049155_eol-full-size-copy.jpg,ciconiidae,cercopithecidae
ciconiidae\29900932_1049155_eol-full-size-copy.jpg,ciconiidae,diomedeidae
ciconiidae\29900948_1049155_eol-full-size-copy.jpg,ciconiidae,procellariidae
ciconiidae\29900956_1049155_eol-full-size-copy.jpg,ciconiidae,bovidae
ciconiidae\29919611_1049154_eol-full-size-copy.jpg,ciconiidae,atelidae
ciconiidae\29983594_1049138_eol-full-size-copy.jpg,ciconiidae,bovidae
coenagrionidae\20710776_1001090_eol-full-size-copy.jpg,coenagrionidae,salamandridae
coenagrionidae\2729379_1001090_eol-full-size-copy.jpg,coenagrionidae,bovidae
coenagrionidae\2729381_1001090_eol-full-size-copy.jpg,coenagrionidae,salamandridae
colubridae\14079505_1055496_eol-full-size-copy.jpg,colubridae,bovidae
colubridae\20240168_1056843_eol-full-size-copy.jpg,colubridae,salamandridae
colubridae\20240174_1056843_eol-full-size-copy.jpg,colubridae,anatidae
colubridae\20240184_1056843_eol-full-size-copy.jpg,colubridae,salamandridae
colubridae\20889093_1055496_eol-full-size-copy.jpg,colubridae,carcharhinidae
colubridae\29528946_1055496_eol-full-size-copy.jpg,colubridae,acroporidae
colubridae\29528950_1055496_eol-full-size-copy.jpg,colubridae,cercopithecidae
colubridae\8771961_1056843_eol-full-size-copy.jpg,colubridae,plethodontidae
colubridae\8959480_1055211_eol-full-size-copy.jpg,colubridae,formicidae
columbidae\20216789_45509438_eol-full-size-copy.jpg,columbidae,hexanchidae
columbidae\20216790_45509438_eol-full-size-copy.jpg,columbidae,laridae
columbidae\29923657_45509438_eol-full-size-copy.jpg,columbidae,cercopithecidae
conidae\12835812_46454284_eol-full-size-copy.jpg,conidae,hexanchidae
conidae\12835840_46454284_eol-full-size-copy.jpg,conidae,carcharhinidae
conidae\12835851_46454284_eol-full-size-copy.jpg,conidae,conidae
cracidae\14020649_45512039_eol-full-size-copy.jpg,cracidae,bucerotidae
cracidae\14085630_45512036_eol-full-size-copy.jpg,cracidae,cercopithecidae
cracidae\14085637_45512036_eol-full-size-copy.jpg,cracidae,salamandridae
cracidae\22132973_45512039_eol-full-size-copy.jpg,cracidae,bucerotidae
cracidae\22132980_45512039_eol-full-size-copy.jpg,cracidae,laridae
cracidae\29500884_45512036_eol-full-size-copy.jpg,cracidae,atelidae
cricetidae\29389841_1179513_eol-full-size-copy.jpg,cricetidae,salamandridae
cricetidae\29389861_1179513_eol-full-size-copy.jpg,cricetidae,bufonidae
cricetidae\29389878_1179513_eol-full-size-copy.jpg,cricetidae,acroporidae
crocodylidae\13597002_795277_eol-full-size-copy.jpg,crocodylidae,formicidae
crocodylidae\20503500_795277_eol-full-size-copy.jpg,crocodylidae,cercopithecidae
crocodylidae\22564192_795274_eol-full-size-copy.jpg,crocodylidae,bufonidae
crocodylidae\22564194_795274_eol-full-size-copy.jpg,crocodylidae,laridae
crocodylidae\30049011_795277_eol-full-size-copy.jpg,crocodylidae,carcharhinidae
crocodylidae\30049043_795277_eol-full-size-copy.jpg,crocodylidae,formicidae
cryptobranchidae\14226991_1018725_eol-full-size-copy.jpg,cryptobranchidae,cercopithecidae
cryptobranchidae\21885684_319982_eol-full-size-copy.jpg,cryptobranchidae,diomedeidae
cryptobranchidae\28895406_319982_eol-full-size-copy.jpg,cryptobranchidae,bovidae
cryptobranchidae\29904428_1018725_eol-full-size-copy.jpg,cryptobranchidae,carcharhinidae
cryptobranchidae\29904431_1018725_eol-full-size-copy.jpg,cryptobranchidae,carcharhinidae
cryptobranchidae\29904442_1018725_eol-full-size-copy.jpg,cryptobranchidae,salamandridae
ctenomyidae\20631134_326355_eol-full-size-copy.jpg,ctenomyidae,spheniscidae
ctenomyidae\29321323_326355_eol-full-size-copy.jpg,ctenomyidae,cercopithecidae
ctenomyidae\29321329_326355_eol-full-size-copy.jpg,ctenomyidae,anatidae
cuculidae\20765362_1064877_eol-full-size-copy.jpg,cuculidae,cercopithecidae
cuculidae\20765371_1064877_eol-full-size-copy.jpg,cuculidae,bovidae
cuculidae\29498026_1064877_eol-full-size-copy.jpg,cuculidae,cercopithecidae
cyprinodontidae\22969013_1012078_eol-full-size-copy.jpg,cyprinodontidae,salamandridae
cyprinodontidae\22969028_1012078_eol-full-size-copy.jpg,cyprinodontidae,salamandridae
cyprinodontidae\29714750_1012078_eol-full-size-copy.jpg,cyprinodontidae,carcharhinidae
dactyloidae\21435410_1057163_eol-full-size-copy.jpg,dactyloidae,cercopithecidae
dactyloidae\21435422_1057163_eol-full-size-copy.jpg,dactyloidae,hexanchidae
dactyloidae\28475677_1057163_eol-full-size-copy.jpg,dactyloidae,atelidae
dactyloidae\28475835_1057157_eol-full-size-copy.jpg,dactyloidae,dactyloidae
dactyloidae\28475842_1057157_eol-full-size-copy.jpg,dactyloidae,dactyloidae
dactyloidae\28672170_795859_eol-full-size-copy.jpg,dactyloidae,iguanidae
dactyloidae\28674263_795876_eol-full-size-copy.jpg,dactyloidae,dactyloidae
dactyloidae\28674267_795876_eol-full-size-copy.jpg,dactyloidae,dactyloidae
dactyloidae\28674292_795876_eol-full-size-copy.jpg,dactyloidae,dactyloidae
dactyloidae\28674302_795876_eol-full-size-copy.jpg,dactyloidae,dactyloidae
dactyloidae\28675202_795885_eol-full-size-copy.jpg,dactyloidae,anatidae
dactyloidae\28675239_795885_eol-full-size-copy.jpg,dactyloidae,dactyloidae
dactyloidae\28675260_795885_eol-full-size-copy.jpg,dactyloidae,dactyloidae
dactyloidae\28675264_795885_eol-full-size-copy.jpg,dactyloidae,dactyloidae
dactyloidae\28675283_795885_eol-full-size-copy.jpg,dactyloidae,dactyloidae
dactyloidae\28675440_453303_eol-full-size-copy.jpg,dactyloidae,dactyloidae
dactyloidae\28676445_1057160_eol-full-size-copy.jpg,dactyloidae,dactyloidae
dactyloidae\28676494_1057160_eol-full-size-copy.jpg,dactyloidae,dactyloidae
dactyloidae\28676506_1057160_eol-full-size-copy.jpg,dactyloidae,dactyloidae
dactyloidae\28676509_1057160_eol-full-size-copy.jpg,dactyloidae,bufonidae
dactyloidae\28678932_453292_eol-full-size-copy.jpg,dactyloidae,carcharhinidae
dactyloidae\28678936_453292_eol-full-size-copy.jpg,dactyloidae,dactyloidae
dactyloidae\28678937_453292_eol-full-size-copy.jpg,dactyloidae,carcharhinidae
dactyloidae\28678942_453292_eol-full-size-copy.jpg,dactyloidae,carcharhinidae
dactyloidae\28678947_453292_eol-full-size-copy.jpg,dactyloidae,dactyloidae
dactyloidae\29679317_23668991_eol-full-size-copy.jpg,dactyloidae,euphylliidae
dactyloidae\29679323_23668991_eol-full-size-copy.jpg,dactyloidae,plethodontidae
dactyloidae\29679324_23668991_eol-full-size-copy.jpg,dactyloidae,serranidae
dactyloidae\29679327_23668991_eol-full-size-copy.jpg,dactyloidae,bufonidae
dactyloidae\29679328_23668991_eol-full-size-copy.jpg,dactyloidae,cercopithecidae
dalatiidae\20642999_46560177_eol-full-size-copy.jpg,dalatiidae,formicidae
dalatiidae\28478408_46560177_eol-full-size-copy.jpg,dalatiidae,dactyloidae
dalatiidae\30167058_46560177_eol-full-size-copy.jpg,dalatiidae,formicidae
dasyatidae\22167304_51263525_eol-full-size-copy.jpg,dasyatidae,labridae
dasyatidae\22167306_51263525_eol-full-size-copy.jpg,dasyatidae,accipitridae
dasyatidae\22167313_51263525_eol-full-size-copy.jpg,dasyatidae,dasyatidae
dasyatidae\22312861_46560871_eol-full-size-copy.jpg,dasyatidae,carcharhinidae
dasyatidae\22312863_46560871_eol-full-size-copy.jpg,dasyatidae,bovidae
dasyatidae\22312868_46560871_eol-full-size-copy.jpg,dasyatidae,carcharhinidae
dasyatidae\22582798_51263523_eol-full-size-copy.jpg,dasyatidae,carcharhinidae
dasyatidae\22582815_51263523_eol-full-size-copy.jpg,dasyatidae,carcharhinidae
dasyatidae\22946558_52572074_eol-full-size-copy.jpg,dasyatidae,carcharhinidae
dasyatidae\27720355_46560871_eol-full-size-copy.jpg,dasyatidae,salamandridae
dasyatidae\28905620_212582_eol-full-size-copy.jpg,dasyatidae,carcharhinidae
dasyatidae\29014727_52572074_eol-full-size-copy.jpg,dasyatidae,formicidae
dasyatidae\29883656_46560871_eol-full-size-copy.jpg,dasyatidae,agariciidae
dasyatidae\30134193_52572074_eol-full-size-copy.jpg,dasyatidae,cercopithecidae
dasyatidae\30134196_52572074_eol-full-size-copy.jpg,dasyatidae,cercopithecidae
dasypodidae\30009042_328497_eol-full-size-copy.jpg,dasypodidae,bufonidae
dasypodidae\5472000_328497_eol-full-size-copy.jpg,dasypodidae,dasypodidae
dasypodidae\5472016_328497_eol-full-size-copy.jpg,dasypodidae,dasypodidae
dasyuridae\14238465_323726_eol-full-size-copy.jpg,dasyuridae,bovidae
dasyuridae\21150975_323726_eol-full-size-copy.jpg,dasyuridae,bovidae
dasyuridae\21150984_323726_eol-full-size-copy.jpg,dasyuridae,bovidae
daubentoniidae\28277018_324407_eol-full-size-copy.jpg,daubentoniidae,cercopithecidae
daubentoniidae\29345777_324407_eol-full-size-copy.jpg,daubentoniidae,acroporidae
daubentoniidae\29345784_324407_eol-full-size-copy.jpg,daubentoniidae,bovidae
delphinidae\20091441_46559311_eol-full-size-copy.jpg,delphinidae,laridae
delphinidae\20091449_46559311_eol-full-size-copy.jpg,delphinidae,agariciidae
delphinidae\20825193_46559297_eol-full-size-copy.jpg,delphinidae,delphinidae
delphinidae\20825198_46559297_eol-full-size-copy.jpg,delphinidae,carcharhinidae
delphinidae\29519072_46559311_eol-full-size-copy.jpg,delphinidae,diomedeidae
delphinidae\29519080_46559311_eol-full-size-copy.jpg,delphinidae,delphinidae
delphinidae\29519087_46559311_eol-full-size-copy.jpg,delphinidae,delphinidae
delphinidae\29568007_46559300_eol-full-size-copy.jpg,delphinidae,delphinidae
delphinidae\29707479_46559297_eol-full-size-copy.jpg,delphinidae,carcharhinidae
delphinidae\8825715_46559300_eol-full-size-copy.jpg,delphinidae,diomedeidae
delphinidae\9484693_46559297_eol-full-size-copy.jpg,delphinidae,delphinidae
delphinidae\9485032_46559307_eol-full-size-copy.jpg,delphinidae,carcharhinidae
dendrobatidae\22486701_1019162_eol-full-size-copy.jpg,dendrobatidae,bovidae
dendrobatidae\22486702_1019162_eol-full-size-copy.jpg,dendrobatidae,bovidae
dendrobatidae\8924087_1019162_eol-full-size-copy.jpg,dendrobatidae,bufonidae
dendrophylliidae\22357023_45275716_eol-full-size-copy.jpg,dendrophylliidae,chamaeleonidae
dendrophylliidae\29335828_45275716_eol-full-size-copy.jpg,dendrophylliidae,euphylliidae
dendrophylliidae\9268082_45275716_eol-full-size-copy.jpg,dendrophylliidae,bovidae
diomedeidae\14736024_45511271_eol-full-size-copy.jpg,diomedeidae,plethodontidae
diomedeidae\20092821_45511493_eol-full-size-copy.jpg,diomedeidae,plethodontidae
diomedeidae\20963502_45511277_eol-full-size-copy.jpg,diomedeidae,sphyrnidae
diomedeidae\20963514_45511277_eol-full-size-copy.jpg,diomedeidae,diomedeidae
diomedeidae\21674978_45511271_eol-full-size-copy.jpg,diomedeidae,bovidae
diomedeidae\21674979_45511271_eol-full-size-copy.jpg,diomedeidae,diomedeidae
diomedeidae\21780185_45511494_eol-full-size-copy.jpg,diomedeidae,diomedeidae
diomedeidae\21780195_45511494_eol-full-size-copy.jpg,diomedeidae,cercopithecidae
diomedeidae\21780197_45511494_eol-full-size-copy.jpg,diomedeidae,diomedeidae
diomedeidae\28306402_45511271_eol-full-size-copy.jpg,diomedeidae,carcharhinidae
diomedeidae\29407538_45513821_eol-full-size-copy.jpg,diomedeidae,cryptobranchidae
diomedeidae\29407551_45513821_eol-full-size-copy.jpg,diomedeidae,bucerotidae
diomedeidae\29407573_45513821_eol-full-size-copy.jpg,diomedeidae,diomedeidae
diomedeidae\30065411_45511271_eol-full-size-copy.jpg,diomedeidae,carcharhinidae
diomedeidae\8872766_45511493_eol-full-size-copy.jpg,diomedeidae,dactyloidae
diomedeidae\8872779_45511493_eol-full-size-copy.jpg,diomedeidae,diomedeidae
diomedeidae\8874711_45511271_eol-full-size-copy.jpg,diomedeidae,diomedeidae
diomedeidae\9314023_45511277_eol-full-size-copy.jpg,diomedeidae,bovidae
diploastraeidae\21503279_45277122_eol-full-size-copy.jpg,diploastraeidae,serranidae
diploastraeidae\28228848_45277122_eol-full-size-copy.jpg,diploastraeidae,euphylliidae
diploastraeidae\29729026_45277122_eol-full-size-copy.jpg,diploastraeidae,salamandridae
diplodactylidae\22121750_791386_eol-full-size-copy.jpg,diplodactylidae,cryptobranchidae
diplodactylidae\22121757_791386_eol-full-size-copy.jpg,diplodactylidae,dactyloidae
diplodactylidae\22121761_791386_eol-full-size-copy.jpg,diplodactylidae,bufonidae
diplodactylidae\22269562_47047493_eol-full-size-copy.jpg,diplodactylidae,salamandridae
diplodactylidae\22269563_47047493_eol-full-size-copy.jpg,diplodactylidae,cercopithecidae
diplodactylidae\2720421_47047493_eol-full-size-copy.jpg,diplodactylidae,dactyloidae
elapidae\22401518_1055803_eol-full-size-copy.jpg,elapidae,plethodontidae
elapidae\22401534_1055803_eol-full-size-copy.jpg,elapidae,cracidae
elapidae\29473741_1055803_eol-full-size-copy.jpg,elapidae,carcharhinidae
emydidae\22574049_456490_eol-full-size-copy.jpg,emydidae,laridae
emydidae\28289660_456490_eol-full-size-copy.jpg,emydidae,formicidae
emydidae\29972857_1056842_eol-full-size-copy.jpg,emydidae,diomedeidae
emydidae\29972878_1056842_eol-full-size-copy.jpg,emydidae,cercopithecidae
emydidae\29972894_1056842_eol-full-size-copy.jpg,emydidae,cercopithecidae
emydidae\8862863_1056842_eol-full-size-copy.jpg,emydidae,cercopithecidae
equidae\21070520_129474_eol-full-size-copy.jpg,equidae,bovidae
equidae\21070533_129474_eol-full-size-copy.jpg,equidae,bovidae
equidae\21070535_129474_eol-full-size-copy.jpg,equidae,bovidae
estrildidae\15271691_1050497_eol-full-size-copy.jpg,estrildidae,plethodontidae
estrildidae\15271694_1050497_eol-full-size-copy.jpg,estrildidae,accipitridae
estrildidae\21832834_1050497_eol-full-size-copy.jpg,estrildidae,laridae
euphylliidae\14067603_51259222_eol-full-size-copy.jpg,euphylliidae,plethodontidae
euphylliidae\14067604_51259222_eol-full-size-copy.jpg,euphylliidae,cercopithecidae
euphylliidae\20385755_51259222_eol-full-size-copy.jpg,euphylliidae,bovidae
euphylliidae\20385760_51259222_eol-full-size-copy.jpg,euphylliidae,plethodontidae
euphylliidae\20385761_51259222_eol-full-size-copy.jpg,euphylliidae,plethodontidae
euphylliidae\22239258_45276971_eol-full-size-copy.jpg,euphylliidae,euphylliidae
euphylliidae\22515413_45276972_eol-full-size-copy.jpg,euphylliidae,cercopithecidae
euphylliidae\28327221_45276972_eol-full-size-copy.jpg,euphylliidae,atelidae
euphylliidae\28327222_45276972_eol-full-size-copy.jpg,euphylliidae,acroporidae
falconidae\20092324_45515857_eol-full-size-copy.jpg,falconidae,bovidae
falconidae\20258966_45512605_eol-full-size-copy.jpg,falconidae,psittacidae
falconidae\20258967_45512605_eol-full-size-copy.jpg,falconidae,serranidae
falconidae\20258971_45512605_eol-full-size-copy.jpg,falconidae,diomedeidae
falconidae\20258972_45512605_eol-full-size-copy.jpg,falconidae,anatidae
falconidae\20258975_45512605_eol-full-size-copy.jpg,falconidae,carcharhinidae
faviidae\21339840_45276847_eol-full-size-copy.jpg,faviidae,carcharhinidae
faviidae\21339842_45276847_eol-full-size-copy.jpg,faviidae,carcharhinidae
faviidae\28170584_45276848_eol-full-size-copy.jpg,faviidae,pocilloporidae
faviidae\28312730_45276847_eol-full-size-copy.jpg,faviidae,formicidae
faviidae\28312812_45276847_eol-full-size-copy.jpg,faviidae,formicidae
faviidae\29037544_45276847_eol-full-size-copy.jpg,faviidae,formicidae
formicidae\14641160_468536_eol-full-size-copy.jpg,formicidae,formicidae
formicidae\14641175_468536_eol-full-size-copy.jpg,formicidae,formicidae
formicidae\14644212_463474_eol-full-size-copy.jpg,formicidae,formicidae
formicidae\14647050_889096_eol-full-size-copy.jpg,formicidae,formicidae
formicidae\14681529_403723_eol-full-size-copy.jpg,formicidae,formicidae
formicidae\14681537_403723_eol-full-size-copy.jpg,formicidae,formicidae
formicidae\14681542_403723_eol-full-size-copy.jpg,formicidae,formicidae
formicidae\14690053_460290_eol-full-size-copy.jpg,formicidae,formicidae
formicidae\14690054_460290_eol-full-size-copy.jpg,formicidae,formicidae
formicidae\14690171_460289_eol-full-size-copy.jpg,formicidae,formicidae
formicidae\20750065_468536_eol-full-size-copy.jpg,formicidae,salamandridae
formicidae\22635125_463474_eol-full-size-copy.jpg,formicidae,bufonidae
formicidae\22635133_463474_eol-full-size-copy.jpg,formicidae,plethodontidae
formicidae\22635136_463474_eol-full-size-copy.jpg,formicidae,sparidae
formicidae\28618566_889096_eol-full-size-copy.jpg,formicidae,formicidae
formicidae\28651986_620300_eol-full-size-copy.jpg,formicidae,formicidae
formicidae\28656792_403723_eol-full-size-copy.jpg,formicidae,formicidae
formicidae\28656796_403723_eol-full-size-copy.jpg,formicidae,carcharhinidae
formicidae\28918235_620300_eol-full-size-copy.jpg,formicidae,formicidae
formicidae\29364525_460289_eol-full-size-copy.jpg,formicidae,formicidae
formicidae\29364535_460289_eol-full-size-copy.jpg,formicidae,formicidae
formicidae\29369443_460290_eol-full-size-copy.jpg,formicidae,formicidae
formicidae\29369446_460290_eol-full-size-copy.jpg,formicidae,dactyloidae
formicidae\29638867_889096_eol-full-size-copy.jpg,formicidae,plethodontidae
formicidae\29669767_468536_eol-full-size-copy.jpg,formicidae,salamandridae
formicidae\29689181_491832_eol-full-size-copy.jpg,formicidae,formicidae
formicidae\29689187_491832_eol-full-size-copy.jpg,formicidae,formicidae
formicidae\29856157_485420_eol-full-size-copy.jpg,formicidae,formicidae
formicidae\29856162_485420_eol-full-size-copy.jpg,formicidae,formicidae
fringillidae\22375387_45518969_eol-full-size-copy.jpg,fringillidae,plethodontidae
fringillidae\22375389_45518969_eol-full-size-copy.jpg,fringillidae,salamandridae
fringillidae\22375393_45518969_eol-full-size-copy.jpg,fringillidae,agariciidae
fringillidae\2745970_45518969_eol-full-size-copy.jpg,fringillidae,plethodontidae
fringillidae\29548202_47043290_eol-full-size-copy.jpg,fringillidae,cebidae
fringillidae\29548203_47043290_eol-full-size-copy.jpg,fringillidae,dactyloidae
fungiidae\28267857_45276583_eol-full-size-copy.jpg,fungiidae,agariciidae
fungiidae\29729161_45276583_eol-full-size-copy.jpg,fungiidae,bucerotidae
fungiidae\29729165_45276583_eol-full-size-copy.jpg,fungiidae,bovidae
gavialidae\14062491_794627_eol-full-size-copy.jpg,gavialidae,plethodontidae
gavialidae\22332519_794627_eol-full-size-copy.jpg,gavialidae,pocilloporidae
gavialidae\28477406_794627_eol-full-size-copy.jpg,gavialidae,alopiidae
gekkonidae\22765679_791137_eol-full-size-copy.jpg,gekkonidae,labridae
gekkonidae\29874172_791137_eol-full-size-copy.jpg,gekkonidae,dactyloidae
gekkonidae\29874176_791137_eol-full-size-copy.jpg,gekkonidae,spheniscidae
geoemydidae\20969382_793083_eol-full-size-copy.jpg,geoemydidae,bufonidae
geoemydidae\20969397_793083_eol-full-size-copy.jpg,geoemydidae,laridae
geoemydidae\21211330_4520624_eol-full-size-copy.jpg,geoemydidae,rajidae
geoemydidae\21211333_4520624_eol-full-size-copy.jpg,geoemydidae,cercopithecidae
geoemydidae\21922205_793088_eol-full-size-copy.jpg,geoemydidae,bovidae
geoemydidae\29538713_793083_eol-full-size-copy.jpg,geoemydidae,formicidae
geoemydidae\29538731_793083_eol-full-size-copy.jpg,geoemydidae,salamandridae
geoemydidae\29792842_4520624_eol-full-size-copy.jpg,geoemydidae,bovidae
geoemydidae\29792846_4520624_eol-full-size-copy.jpg,geoemydidae,chaetodontidae
giraffidae\15269024_308387_eol-full-size-copy.jpg,giraffidae,salamandridae
giraffidae\28749421_308387_eol-full-size-copy.jpg,giraffidae,laridae
giraffidae\30052468_308387_eol-full-size-copy.jpg,giraffidae,trochilidae
glareolidae\14238414_45513966_eol-full-size-copy.jpg,glareolidae,psittacidae
glareolidae\20599609_45513966_eol-full-size-copy.jpg,glareolidae,formicidae
glareolidae\29951396_45513966_eol-full-size-copy.jpg,glareolidae,bovidae
gliridae\20845463_327936_eol-full-size-copy.jpg,gliridae,plethodontidae
gliridae\20845468_327936_eol-full-size-copy.jpg,gliridae,bucerotidae
gliridae\20845469_327936_eol-full-size-copy.jpg,gliridae,salamandridae
gomphidae\21071833_355546_eol-full-size-copy.jpg,gomphidae,bovidae
gomphidae\21071839_355546_eol-full-size-copy.jpg,gomphidae,salamandridae
gomphidae\21232822_1033999_eol-full-size-copy.jpg,gomphidae,dactyloidae
gomphidae\28955326_355546_eol-full-size-copy.jpg,gomphidae,cercopithecidae
gomphidae\29581281_1033999_eol-full-size-copy.jpg,gomphidae,dactyloidae
gomphidae\29581287_1033999_eol-full-size-copy.jpg,gomphidae,anatidae
goodeidae\29859201_208913_eol-full-size-copy.jpg,goodeidae,diplodactylidae
goodeidae\29859213_208913_eol-full-size-copy.jpg,goodeidae,goodeidae
goodeidae\29859219_208913_eol-full-size-copy.jpg,goodeidae,goodeidae
gymnuridae\22079004_46560977_eol-full-size-copy.jpg,gymnuridae,cercopithecidae
gymnuridae\2710555_46560977_eol-full-size-copy.jpg,gymnuridae,carcharhinidae
gymnuridae\2710556_46560977_eol-full-size-copy.jpg,gymnuridae,carcharhinidae
haliotidae\12800651_4792502_eol-full-size-copy.jpg,haliotidae,haliotidae
haliotidae\12800657_4792502_eol-full-size-copy.jpg,haliotidae,haliotidae
haliotidae\20298404_4792502_eol-full-size-copy.jpg,haliotidae,formicidae
helioporidae\14215757_46549632_eol-full-size-copy.jpg,helioporidae,salamandridae
helioporidae\20866405_46549632_eol-full-size-copy.jpg,helioporidae,dactyloidae
helioporidae\28177351_46549632_eol-full-size-copy.jpg,helioporidae,laridae
hemiscylliidae\29599787_46559713_eol-full-size-copy.jpg,hemiscylliidae,salamandridae
hemiscylliidae\29599792_46559713_eol-full-size-copy.jpg,hemiscylliidae,anatidae
hemiscylliidae\29599793_46559713_eol-full-size-copy.jpg,hemiscylliidae,salamandridae
hexanchidae\20244007_46560148_eol-full-size-copy.jpg,hexanchidae,salamandridae
hexanchidae\20244013_46560148_eol-full-size-copy.jpg,hexanchidae,carcharhinidae
hexanchidae\22181469_46560151_eol-full-size-copy.jpg,hexanchidae,carcharhinidae
hexanchidae\22181475_46560151_eol-full-size-copy.jpg,hexanchidae,carcharhinidae
hexanchidae\22181476_46560151_eol-full-size-copy.jpg,hexanchidae,salamandridae
hexanchidae\30619460_46560148_eol-full-size-copy.jpg,hexanchidae,carcharhinidae
hominidae\20613890_2925671_eol-full-size-copy.jpg,hominidae,cercopithecidae
hominidae\20613901_2925671_eol-full-size-copy.jpg,hominidae,cercopithecidae
hominidae\29853766_2925671_eol-full-size-copy.jpg,hominidae,bovidae
hyaenidae\29351564_311570_eol-full-size-copy.jpg,hyaenidae,bovidae
hyaenidae\29351576_311570_eol-full-size-copy.jpg,hyaenidae,diomedeidae
hyaenidae\5473026_311570_eol-full-size-copy.jpg,hyaenidae,dasypodidae
hylobatidae\21959632_4454250_eol-full-size-copy.jpg,hylobatidae,bucerotidae
hylobatidae\21959634_4454250_eol-full-size-copy.jpg,hylobatidae,bucerotidae
hylobatidae\21959642_4454250_eol-full-size-copy.jpg,hylobatidae,cercopithecidae
hylobatidae\28286073_4454250_eol-full-size-copy.jpg,hylobatidae,hylobatidae
hylobatidae\28286082_4454250_eol-full-size-copy.jpg,hylobatidae,hylobatidae
hylobatidae\28417390_326451_eol-full-size-copy.jpg,hylobatidae,atelidae
hylobatidae\29420275_1038643_eol-full-size-copy.jpg,hylobatidae,anatidae
hylobatidae\29420293_1038643_eol-full-size-copy.jpg,hylobatidae,bovidae
hylobatidae\29420304_1038643_eol-full-size-copy.jpg,hylobatidae,accipitridae
hynobiidae\20900182_1048038_eol-full-size-copy.jpg,hynobiidae,trochilidae
hynobiidae\20900184_1048038_eol-full-size-copy.jpg,hynobiidae,cercopithecidae
hynobiidae\8943242_1048038_eol-full-size-copy.jpg,hynobiidae,salamandridae
iguanidae\20511638_963751_eol-full-size-copy.jpg,iguanidae,cercopithecidae
iguanidae\20511645_963751_eol-full-size-copy.jpg,iguanidae,plethodontidae
iguanidae\22501859_454868_eol-full-size-copy.jpg,iguanidae,bucerotidae
iguanidae\22552392_47044557_eol-full-size-copy.jpg,iguanidae,bucerotidae
iguanidae\22552395_47044557_eol-full-size-copy.jpg,iguanidae,plethodontidae
iguanidae\22552399_47044557_eol-full-size-copy.jpg,iguanidae,bovidae
iguanidae\22552402_47044557_eol-full-size-copy.jpg,iguanidae,cercopithecidae
iguanidae\2833160_47044557_eol-full-size-copy.jpg,iguanidae,acroporidae
iguanidae\2833161_47044557_eol-full-size-copy.jpg,iguanidae,bucerotidae
iguanidae\28478141_793232_eol-full-size-copy.jpg,iguanidae,dactyloidae
iguanidae\29033058_963751_eol-full-size-copy.jpg,iguanidae,acroporidae
iguanidae\29033060_963751_eol-full-size-copy.jpg,iguanidae,dactyloidae
indriidae\21252571_7250886_eol-full-size-copy.jpg,indriidae,plethodontidae
indriidae\21252573_7250886_eol-full-size-copy.jpg,indriidae,acroporidae
indriidae\21252582_7250886_eol-full-size-copy.jpg,indriidae,cercopithecidae
labridae\14062330_46571820_eol-full-size-copy.jpg,labridae,carcharhinidae
labridae\21260380_46571820_eol-full-size-copy.jpg,labridae,carcharhinidae
labridae\22755603_46571863_eol-full-size-copy.jpg,labridae,labridae
labridae\24588877_46571863_eol-full-size-copy.jpg,labridae,formicidae
labridae\28940901_46571820_eol-full-size-copy.jpg,labridae,labridae
labridae\9268703_46571863_eol-full-size-copy.jpg,labridae,serranidae
lacertidae\20854034_792821_eol-full-size-copy.jpg,lacertidae,bovidae
lacertidae\20854037_792821_eol-full-size-copy.jpg,lacertidae,bovidae
lacertidae\20854039_792821_eol-full-size-copy.jpg,lacertidae,salamandridae
lacertidae\20854049_792821_eol-full-size-copy.jpg,lacertidae,bufonidae
lacertidae\29651591_47045523_eol-full-size-copy.jpg,lacertidae,salamandridae
lacertidae\9313606_47045523_eol-full-size-copy.jpg,lacertidae,hylobatidae
lamnidae\22137559_46559756_eol-full-size-copy.jpg,lamnidae,carcharhinidae
lamnidae\22137569_46559756_eol-full-size-copy.jpg,lamnidae,hexanchidae
lamnidae\29011405_46559756_eol-full-size-copy.jpg,lamnidae,carcharhinidae
laridae\10809736_45509337_eol-full-size-copy.jpg,laridae,bucerotidae
laridae\20838876_45516169_eol-full-size-copy.jpg,laridae,formicidae
laridae\21307825_45509269_eol-full-size-copy.jpg,laridae,diomedeidae
laridae\21923652_45509321_eol-full-size-copy.jpg,laridae,bovidae
laridae\21923660_45509321_eol-full-size-copy.jpg,laridae,carcharhinidae
laridae\21923664_45509321_eol-full-size-copy.jpg,laridae,diomedeidae
laridae\21968972_1049373_eol-full-size-copy.jpg,laridae,bovidae
laridae\28161605_45509269_eol-full-size-copy.jpg,laridae,formicidae
laridae\28746361_1049373_eol-full-size-copy.jpg,laridae,formicidae
laridae\29975068_45509269_eol-full-size-copy.jpg,laridae,diomedeidae
laridae\30038496_45509321_eol-full-size-copy.jpg,laridae,diomedeidae
laridae\30038507_45509321_eol-full-size-copy.jpg,laridae,diomedeidae
laridae\30062945_45509337_eol-full-size-copy.jpg,laridae,agariciidae
laridae\30123063_45516169_eol-full-size-copy.jpg,laridae,formicidae
laridae\30129646_1049373_eol-full-size-copy.jpg,laridae,cercopithecidae
latimeriidae\28484934_46582216_eol-full-size-copy.jpg,latimeriidae,dactyloidae
latimeriidae\29935041_46582216_eol-full-size-copy.jpg,latimeriidae,carcharhinidae
latimeriidae\29935051_46582216_eol-full-size-copy.jpg,latimeriidae,salamandridae
lemuridae\15265504_326525_eol-full-size-copy.jpg,lemuridae,dactyloidae
lemuridae\29826906_4454312_eol-full-size-copy.jpg,lemuridae,salamandridae
lemuridae\30036859_326525_eol-full-size-copy.jpg,lemuridae,cracidae
lemuridae\30036865_326525_eol-full-size-copy.jpg,lemuridae,cercopithecidae
lemuridae\30036877_326525_eol-full-size-copy.jpg,lemuridae,cercopithecidae
lemuridae\30036885_326525_eol-full-size-copy.jpg,lemuridae,plethodontidae
leporidae\14164906_118008_eol-full-size-copy.jpg,leporidae,salamandridae
leporidae\21375088_118008_eol-full-size-copy.jpg,leporidae,dactyloidae
leporidae\21375096_118008_eol-full-size-copy.jpg,leporidae,bovidae
leporidae\29734615_1011315_eol-full-size-copy.jpg,leporidae,cercopithecidae
leporidae\30072940_118008_eol-full-size-copy.jpg,leporidae,plethodontidae
leporidae\9443813_118008_eol-full-size-copy.jpg,leporidae,formicidae
lobophylliidae\20332243_46545536_eol-full-size-copy.jpg,lobophylliidae,labridae
lobophylliidae\20332251_46545536_eol-full-size-copy.jpg,lobophylliidae,carcharhinidae
lobophylliidae\28422154_46545536_eol-full-size-copy.jpg,lobophylliidae,hexanchidae
lucanidae\21471717_2865857_eol-full-size-copy.jpg,lucanidae,bovidae
lucanidae\27902677_2865857_eol-full-size-copy.jpg,lucanidae,formicidae
lucanidae\29360376_2865857_eol-full-size-copy.jpg,lucanidae,anatidae
lutjanidae\22705693_46580724_eol-full-size-copy.jpg,lutjanidae,carcharhinidae
lutjanidae\22705699_46580724_eol-full-size-copy.jpg,lutjanidae,carcharhinidae
lutjanidae\22705710_46580724_eol-full-size-copy.jpg,lutjanidae,carcharhinidae
manidae\22920623_337659_eol-full-size-copy.jpg,manidae,formicidae
manidae\22920637_337659_eol-full-size-copy.jpg,manidae,plethodontidae
manidae\30004780_982442_eol-full-size-copy.jpg,manidae,diomedeidae
manidae\30004782_982442_eol-full-size-copy.jpg,manidae,bovidae
manidae\30004812_982442_eol-full-size-copy.jpg,manidae,psittaculidae
manidae\30004824_982442_eol-full-size-copy.jpg,manidae,bucerotidae
mantellidae\30025416_333429_eol-full-size-copy.jpg,mantellidae,carcharhinidae
mantellidae\30025420_333429_eol-full-size-copy.jpg,mantellidae,bufonidae
mantellidae\30025426_333429_eol-full-size-copy.jpg,mantellidae,formicidae
meandrinidae\22698146_45276639_eol-full-size-copy.jpg,meandrinidae,carcharhinidae
meandrinidae\28362264_45276639_eol-full-size-copy.jpg,meandrinidae,faviidae
meandrinidae\28362412_45276639_eol-full-size-copy.jpg,meandrinidae,acroporidae
megapodiidae\22245709_45517731_eol-full-size-copy.jpg,megapodiidae,bovidae
megapodiidae\22245713_45517731_eol-full-size-copy.jpg,megapodiidae,bovidae
megapodiidae\8876401_45517731_eol-full-size-copy.jpg,megapodiidae,acroporidae
merlucciidae\22323718_46564942_eol-full-size-copy.jpg,merlucciidae,carcharhinidae
merlucciidae\22323735_46564942_eol-full-size-copy.jpg,merlucciidae,delphinidae
merlucciidae\29498013_46564942_eol-full-size-copy.jpg,merlucciidae,laridae
merulinidae\14076856_45276661_eol-full-size-copy.jpg,merulinidae,salamandridae
merulinidae\14076862_45276661_eol-full-size-copy.jpg,merulinidae,bufonidae
merulinidae\14076867_45276661_eol-full-size-copy.jpg,merulinidae,formicidae
merulinidae\20716665_45276661_eol-full-size-copy.jpg,merulinidae,acroporidae
merulinidae\20716674_45276661_eol-full-size-copy.jpg,merulinidae,acroporidae
merulinidae\29434650_45276801_eol-full-size-copy.jpg,merulinidae,formicidae
mesitornithidae\20288743_915363_eol-full-size-copy.jpg,mesitornithidae,atelidae
mesitornithidae\28312605_915363_eol-full-size-copy.jpg,mesitornithidae,mesitornithidae
mesitornithidae\28913008_915363_eol-full-size-copy.jpg,mesitornithidae,salamandridae
mimidae\14015338_1047771_eol-full-size-copy.jpg,mimidae,carcharhinidae
mimidae\22894722_1047771_eol-full-size-copy.jpg,mimidae,bovidae
mimidae\29193258_1047771_eol-full-size-copy.jpg,mimidae,salamandridae
motacillidae\20811706_45517661_eol-full-size-copy.jpg,motacillidae,bovidae
motacillidae\20811707_45517661_eol-full-size-copy.jpg,motacillidae,carcharhinidae
motacillidae\30112810_45517661_eol-full-size-copy.jpg,motacillidae,salamandridae
muscicapidae\29580608_45514697_eol-full-size-copy.jpg,muscicapidae,cercopithecidae
muscicapidae\29580614_45514697_eol-full-size-copy.jpg,muscicapidae,spheniscidae
muscicapidae\29580624_45514697_eol-full-size-copy.jpg,muscicapidae,salamandridae
mustelidae\20398299_328017_eol-full-size-copy.jpg,mustelidae,cercopithecidae
mustelidae\29897347_328017_eol-full-size-copy.jpg,mustelidae,plethodontidae
mustelidae\30059153_328029_eol-full-size-copy.jpg,mustelidae,bufonidae
mustelidae\30059155_328029_eol-full-size-copy.jpg,mustelidae,bovidae
mustelidae\9474871_46559139_eol-full-size-copy.jpg,mustelidae,mustelidae
mustelidae\9474900_46559139_eol-full-size-copy.jpg,mustelidae,bovidae
mustelidae\9474901_46559139_eol-full-size-copy.jpg,mustelidae,carcharhinidae
mustelidae\9474933_46559139_eol-full-size-copy.jpg,mustelidae,spheniscidae
mustelidae\9474942_46559139_eol-full-size-copy.jpg,mustelidae,acroporidae
myliobatidae\20315203_46561012_eol-full-size-copy.jpg,myliobatidae,agariciidae
myliobatidae\20582277_46561018_eol-full-size-copy.jpg,myliobatidae,dasyatidae
myliobatidae\22501891_46561008_eol-full-size-copy.jpg,myliobatidae,plethodontidae
myliobatidae\2738428_46561018_eol-full-size-copy.jpg,myliobatidae,laridae
myliobatidae\28070588_46561012_eol-full-size-copy.jpg,myliobatidae,carcharhinidae
myliobatidae\28264284_46561012_eol-full-size-copy.jpg,myliobatidae,myliobatidae
myliobatidae\28477951_46561012_eol-full-size-copy.jpg,myliobatidae,salamandridae
myliobatidae\28478110_46561018_eol-full-size-copy.jpg,myliobatidae,salamandridae
myliobatidae\30100912_46561008_eol-full-size-copy.jpg,myliobatidae,carcharhinidae
nesospingidae\22028345_45510504_eol-full-size-copy.jpg,nesospingidae,atelidae
nesospingidae\22028346_45510504_eol-full-size-copy.jpg,nesospingidae,carabidae
nesospingidae\28209904_45510504_eol-full-size-copy.jpg,nesospingidae,dactyloidae
nymphalidae\21586619_152379_eol-full-size-copy.jpg,nymphalidae,cercopithecidae
nymphalidae\21586625_152379_eol-full-size-copy.jpg,nymphalidae,acroporidae
nymphalidae\29698409_152379_eol-full-size-copy.jpg,nymphalidae,hylobatidae
odontophoridae\22521192_45512066_eol-full-size-copy.jpg,odontophoridae,atelidae
odontophoridae\22521194_45512066_eol-full-size-copy.jpg,odontophoridae,plethodontidae
odontophoridae\22521195_45512066_eol-full-size-copy.jpg,odontophoridae,carcharhinidae
otariidae\14161385_46559206_eol-full-size-copy.jpg,otariidae,otariidae
otariidae\21652460_46559202_eol-full-size-copy.jpg,otariidae,bovidae
otariidae\30040815_46559206_eol-full-size-copy.jpg,otariidae,hylobatidae
otariidae\30040830_46559206_eol-full-size-copy.jpg,otariidae,bucerotidae
otariidae\8860854_46559202_eol-full-size-copy.jpg,otariidae,serranidae
otariidae\8897347_46559206_eol-full-size-copy.jpg,otariidae,acroporidae
otididae\22137138_45513870_eol-full-size-copy.jpg,otididae,faviidae
otididae\22137150_45513870_eol-full-size-copy.jpg,otididae,formicidae
otididae\30075871_45513870_eol-full-size-copy.jpg,otididae,diomedeidae
palinuridae\12306020_46516728_eol-full-size-copy.jpg,palinuridae,carcharhinidae
palinuridae\21442019_46516728_eol-full-size-copy.jpg,palinuridae,acroporidae
palinuridae\21442027_46516728_eol-full-size-copy.jpg,palinuridae,dactyloidae
pangasiidae\20945362_570181_eol-full-size-copy.jpg,pangasiidae,carcharhinidae
pangasiidae\27765656_570181_eol-full-size-copy.jpg,pangasiidae,carcharhinidae
pangasiidae\29652522_570181_eol-full-size-copy.jpg,pangasiidae,dactyloidae
papilionidae\21035372_130548_eol-full-size-copy.jpg,papilionidae,papilionidae
papilionidae\29510040_130548_eol-full-size-copy.jpg,papilionidae,formicidae
papilionidae\29510045_130548_eol-full-size-copy.jpg,papilionidae,bovidae
paradisaeidae\13087_45516974_eol-full-size-copy.jpg,paradisaeidae,formicidae
paradisaeidae\22225148_45516974_eol-full-size-copy.jpg,paradisaeidae,cercopithecidae
paradisaeidae\28489519_45516974_eol-full-size-copy.jpg,paradisaeidae,formicidae
pardalotidae\21055046_45518587_eol-full-size-copy.jpg,pardalotidae,formicidae
pardalotidae\21055048_45518587_eol-full-size-copy.jpg,pardalotidae,carcharhinidae
pardalotidae\21055055_45518587_eol-full-size-copy.jpg,pardalotidae,acroporidae
parulidae\22066843_45511093_eol-full-size-copy.jpg,parulidae,psittacidae
parulidae\22066859_45511093_eol-full-size-copy.jpg,parulidae,bucerotidae
parulidae\29550113_45511093_eol-full-size-copy.jpg,parulidae,bovidae
percidae\21186962_211786_eol-full-size-copy.jpg,percidae,salamandridae
percidae\2702992_211786_eol-full-size-copy.jpg,percidae,salamandridae
percidae\2702996_211786_eol-full-size-copy.jpg,percidae,formicidae
phasianidae\21461463_45516020_eol-full-size-copy.jpg,phasianidae,agariciidae
phasianidae\21461471_45516020_eol-full-size-copy.jpg,phasianidae,bovidae
phasianidae\29963519_45516020_eol-full-size-copy.jpg,phasianidae,cercopithecidae
phrynosomatidae\20350835_1055105_eol-full-size-copy.jpg,phrynosomatidae,bovidae
phrynosomatidae\28206635_1055105_eol-full-size-copy.jpg,phrynosomatidae,carcharhinidae
phrynosomatidae\29839853_1055105_eol-full-size-copy.jpg,phrynosomatidae,salamandridae
phyllomedusidae\21181828_46394217_eol-full-size-copy.jpg,phyllomedusidae,bufonidae
phyllomedusidae\21181833_46394217_eol-full-size-copy.jpg,phyllomedusidae,acroporidae
phyllomedusidae\21181841_46394217_eol-full-size-copy.jpg,phyllomedusidae,bufonidae
phyllostomidae\20262185_327865_eol-full-size-copy.jpg,phyllostomidae,dactyloidae
phyllostomidae\20262201_327865_eol-full-size-copy.jpg,phyllostomidae,atelidae
phyllostomidae\29638680_327865_eol-full-size-copy.jpg,phyllostomidae,accipitridae
pisauridae\10797023_1198625_eol-full-size-copy.jpg,pisauridae,formicidae
pisauridae\27912772_1198625_eol-full-size-copy.jpg,pisauridae,formicidae
pisauridae\29404602_1198625_eol-full-size-copy.jpg,pisauridae,chaetodontidae
pittidae\20945953_919473_eol-full-size-copy.jpg,pittidae,bovidae
pittidae\20945956_919473_eol-full-size-copy.jpg,pittidae,plethodontidae
pittidae\28884564_919473_eol-full-size-copy.jpg,pittidae,acroporidae
platystictidae\20401897_132324_eol-full-size-copy.jpg,platystictidae,hylobatidae
platystictidae\29911908_132324_eol-full-size-copy.jpg,platystictidae,salamandridae
platystictidae\29911926_132324_eol-full-size-copy.jpg,platystictidae,salamandridae
plethodontidae\14053934_336170_eol-full-size-copy.jpg,plethodontidae,plethodontidae
plethodontidae\14234761_1019254_eol-full-size-copy.jpg,plethodontidae,plethodontidae
plethodontidae\20143609_331381_eol-full-size-copy.jpg,plethodontidae,ranidae
plethodontidae\20143616_331381_eol-full-size-copy.jpg,plethodontidae,cracidae
plethodontidae\20360018_1019254_eol-full-size-copy.jpg,plethodontidae,diomedeidae
plethodontidae\20488647_336169_eol-full-size-copy.jpg,plethodontidae,cercopithecidae
plethodontidae\20488648_336169_eol-full-size-copy.jpg,plethodontidae,acroporidae
plethodontidae\20488657_336169_eol-full-size-copy.jpg,plethodontidae,plethodontidae
plethodontidae\21670597_336170_eol-full-size-copy.jpg,plethodontidae,salamandridae
plethodontidae\21670606_336170_eol-full-size-copy.jpg,plethodontidae,dactyloidae
plethodontidae\22483260_330812_eol-full-size-copy.jpg,plethodontidae,bovidae
plethodontidae\22778496_1025413_eol-full-size-copy.jpg,plethodontidae,carcharhinidae
plethodontidae\22778502_1025413_eol-full-size-copy.jpg,plethodontidae,plethodontidae
plethodontidae\22778503_1025413_eol-full-size-copy.jpg,plethodontidae,dactyloidae
plethodontidae\22888792_1048218_eol-full-size-copy.jpg,plethodontidae,plethodontidae
plethodontidae\22888799_1048218_eol-full-size-copy.jpg,plethodontidae,hylobatidae
plethodontidae\28513617_331381_eol-full-size-copy.jpg,plethodontidae,accipitridae
plethodontidae\28634609_1048218_eol-full-size-copy.jpg,plethodontidae,diomedeidae
plethodontidae\29095391_1035663_eol-full-size-copy.jpg,plethodontidae,labridae
plethodontidae\29095408_1035663_eol-full-size-copy.jpg,plethodontidae,salamandridae
plethodontidae\8768377_331481_eol-full-size-copy.jpg,plethodontidae,salamandridae
plethodontidae\8768382_331481_eol-full-size-copy.jpg,plethodontidae,bovidae
plethodontidae\8867074_336169_eol-full-size-copy.jpg,plethodontidae,salamandridae
plethodontidae\8962970_1019254_eol-full-size-copy.jpg,plethodontidae,salamandridae
plethodontidae\8969648_1025413_eol-full-size-copy.jpg,plethodontidae,salamandridae
plethodontidae\8969654_1025413_eol-full-size-copy.jpg,plethodontidae,euphylliidae
plethodontidae\8970258_330812_eol-full-size-copy.jpg,plethodontidae,psittacidae
pleuronectidae\20124506_46570095_eol-full-size-copy.jpg,pleuronectidae,salamandridae
pleuronectidae\27808048_46570095_eol-full-size-copy.jpg,pleuronectidae,acroporidae
pleuronectidae\27808050_46570095_eol-full-size-copy.jpg,pleuronectidae,callitrichidae
pocilloporidae\20916159_45275970_eol-full-size-copy.jpg,pocilloporidae,bucerotidae
pocilloporidae\2747742_45275970_eol-full-size-copy.jpg,pocilloporidae,cercopithecidae
pocilloporidae\2747745_45275970_eol-full-size-copy.jpg,pocilloporidae,atelidae
pocilloporidae\28226200_45275970_eol-full-size-copy.jpg,pocilloporidae,acroporidae
pocilloporidae\28414641_45276545_eol-full-size-copy.jpg,pocilloporidae,faviidae
pocilloporidae\28414654_45276545_eol-full-size-copy.jpg,pocilloporidae,pocilloporidae
podocnemididae\14090057_790997_eol-full-size-copy.jpg,podocnemididae,dactyloidae
podocnemididae\20817763_790997_eol-full-size-copy.jpg,podocnemididae,spheniscidae
podocnemididae\20817768_790997_eol-full-size-copy.jpg,podocnemididae,cracidae
polyprionidae\22613273_46578887_eol-full-size-copy.jpg,polyprionidae,carcharhinidae
polyprionidae\22613289_46578887_eol-full-size-copy.jpg,polyprionidae,salamandridae
polyprionidae\24582310_46578887_eol-full-size-copy.jpg,polyprionidae,carcharhinidae
pontoporiidae\20738641_46559412_eol-full-size-copy.jpg,pontoporiidae,laridae
pontoporiidae\20738646_46559412_eol-full-size-copy.jpg,pontoporiidae,bovidae
pontoporiidae\20738654_46559412_eol-full-size-copy.jpg,pontoporiidae,salamandridae
potoroidae\20963632_128419_eol-full-size-copy.jpg,potoroidae,dactyloidae
potoroidae\20963643_128419_eol-full-size-copy.jpg,potoroidae,bovidae
potoroidae\20963647_128419_eol-full-size-copy.jpg,potoroidae,bufonidae
pristidae\12308027_46560360_eol-full-size-copy.jpg,pristidae,carcharhinidae
pristidae\14224303_46560360_eol-full-size-copy.jpg,pristidae,laridae
pristidae\14224304_46560360_eol-full-size-copy.jpg,pristidae,carcharhinidae
procellariidae\20683878_1049466_eol-full-size-copy.jpg,procellariidae,delphinidae
procellariidae\20683881_1049466_eol-full-size-copy.jpg,procellariidae,carcharhinidae
procellariidae\20683882_1049466_eol-full-size-copy.jpg,procellariidae,bucerotidae
procellariidae\20683887_1049466_eol-full-size-copy.jpg,procellariidae,carcharhinidae
procellariidae\20683889_1049466_eol-full-size-copy.jpg,procellariidae,diomedeidae
procellariidae\20683891_1049466_eol-full-size-copy.jpg,procellariidae,carcharhinidae
procellariidae\21768192_45511296_eol-full-size-copy.jpg,procellariidae,carcharhinidae
procellariidae\28929663_1049466_eol-full-size-copy.jpg,procellariidae,bufonidae
procellariidae\29574299_45511297_eol-full-size-copy.jpg,procellariidae,dactyloidae
pseudophasmatidae\29945325_1077217_eol-full-size-copy.jpg,pseudophasmatidae,bovidae
pseudophasmatidae\29945336_1077217_eol-full-size-copy.jpg,pseudophasmatidae,salamandridae
pseudophasmatidae\29945341_1077217_eol-full-size-copy.jpg,pseudophasmatidae,bucerotidae
psittacidae\16192_1178056_eol-full-size-copy.jpg,psittacidae,formicidae
psittacidae\20547862_1178056_eol-full-size-copy.jpg,psittacidae,acroporidae
psittacidae\20547870_1178056_eol-full-size-copy.jpg,psittacidae,acroporidae
psittacidae\20547873_1178056_eol-full-size-copy.jpg,psittacidae,cercopithecidae
psittacidae\20558964_45510832_eol-full-size-copy.jpg,psittacidae,accipitridae
psittacidae\20558976_45510832_eol-full-size-copy.jpg,psittacidae,atelidae
psittacidae\20558980_45510832_eol-full-size-copy.jpg,psittacidae,procellariidae
psittacidae\21095968_1178065_eol-full-size-copy.jpg,psittacidae,bovidae
psittacidae\21095978_1178065_eol-full-size-copy.jpg,psittacidae,bucerotidae
psittacidae\28854546_1178056_eol-full-size-copy.jpg,psittacidae,cercopithecidae
psittacidae\29581406_1178065_eol-full-size-copy.jpg,psittacidae,formicidae
psittacidae\29863055_45510832_eol-full-size-copy.jpg,psittacidae,chaetodontidae
psittaculidae\14081301_45518003_eol-full-size-copy.jpg,psittaculidae,psittaculidae
psittaculidae\21766570_45518003_eol-full-size-copy.jpg,psittaculidae,bucerotidae
psittaculidae\21766573_45518003_eol-full-size-copy.jpg,psittaculidae,iguanidae
psittaculidae\21824683_45517999_eol-full-size-copy.jpg,psittaculidae,acroporidae
psittaculidae\21824696_45517999_eol-full-size-copy.jpg,psittaculidae,bucerotidae
psittaculidae\21824697_45517999_eol-full-size-copy.jpg,psittaculidae,cercopithecidae
pythonidae\21639308_1055460_eol-full-size-copy.jpg,pythonidae,salamandridae
pythonidae\22727907_1055462_eol-full-size-copy.jpg,pythonidae,salamandridae
pythonidae\22727924_1055462_eol-full-size-copy.jpg,pythonidae,salamandridae
pythonidae\29761216_1055460_eol-full-size-copy.jpg,pythonidae,salamandridae
pythonidae\30016979_1055462_eol-full-size-copy.jpg,pythonidae,salamandridae
pythonidae\30016984_1055462_eol-full-size-copy.jpg,pythonidae,plethodontidae
rajidae\20208320_46560546_eol-full-size-copy.jpg,rajidae,bovidae
rajidae\20208330_46560546_eol-full-size-copy.jpg,rajidae,carcharhinidae
rajidae\20502090_46560555_eol-full-size-copy.jpg,rajidae,pocilloporidae
rajidae\2746047_46560555_eol-full-size-copy.jpg,rajidae,serranidae
rajidae\28478546_46560546_eol-full-size-copy.jpg,rajidae,dactyloidae
rajidae\29102498_46560555_eol-full-size-copy.jpg,rajidae,carcharhinidae
rajidae\29102503_46560555_eol-full-size-copy.jpg,rajidae,carcharhinidae
rajidae\29102506_46560555_eol-full-size-copy.jpg,rajidae,bovidae
rajidae\30161330_46560594_eol-full-size-copy.jpg,rajidae,diomedeidae
rallidae\20865391_45509132_eol-full-size-copy.jpg,rallidae,diomedeidae
rallidae\20865404_45509132_eol-full-size-copy.jpg,rallidae,bucerotidae
rallidae\29716089_45509132_eol-full-size-copy.jpg,rallidae,bovidae
ramphastidae\22248389_45512569_eol-full-size-copy.jpg,ramphastidae,agariciidae
ramphastidae\30015536_45512569_eol-full-size-copy.jpg,ramphastidae,bovidae
ramphastidae\30015538_45512569_eol-full-size-copy.jpg,ramphastidae,cercopithecidae
ranidae\20922658_1019689_eol-full-size-copy.jpg,ranidae,laridae
ranidae\20922661_1019689_eol-full-size-copy.jpg,ranidae,hexanchidae
ranidae\20922663_1019689_eol-full-size-copy.jpg,ranidae,plethodontidae
ranidae\28872617_1019689_eol-full-size-copy.jpg,ranidae,psittacidae
ranidae\8823127_2920193_eol-full-size-copy.jpg,ranidae,bovidae
ranidae\8830761_332456_eol-full-size-copy.jpg,ranidae,bovidae
ranidae\8830797_332456_eol-full-size-copy.jpg,ranidae,salamandridae
ranidae\8830816_332456_eol-full-size-copy.jpg,ranidae,plethodontidae
ranidae\8830817_332456_eol-full-size-copy.jpg,ranidae,salamandridae
recurvirostridae\20280461_45517790_eol-full-size-copy.jpg,recurvirostridae,accipitridae
recurvirostridae\20280474_45517790_eol-full-size-copy.jpg,recurvirostridae,delphinidae
recurvirostridae\29946021_45517790_eol-full-size-copy.jpg,recurvirostridae,bovidae
rhacophoridae\14009200_1018932_eol-full-size-copy.jpg,rhacophoridae,formicidae
rhacophoridae\21051966_1018932_eol-full-size-copy.jpg,rhacophoridae,phyllomedusidae
rhacophoridae\22753132_1048330_eol-full-size-copy.jpg,rhacophoridae,formicidae
rhacophoridae\29536717_1048330_eol-full-size-copy.jpg,rhacophoridae,dactyloidae
rhacophoridae\29536729_1048330_eol-full-size-copy.jpg,rhacophoridae,chamaeleonidae
rhacophoridae\29543412_1018932_eol-full-size-copy.jpg,rhacophoridae,bufonidae
rhinodermatidae\22663194_995017_eol-full-size-copy.jpg,rhinodermatidae,accipitridae
rhinodermatidae\28493302_995017_eol-full-size-copy.jpg,rhinodermatidae,iguanidae
rhinodermatidae\28493313_995017_eol-full-size-copy.jpg,rhinodermatidae,acroporidae
rhyacotritonidae\20093571_1018900_eol-full-size-copy.jpg,rhyacotritonidae,plethodontidae
rhyacotritonidae\20093573_1018900_eol-full-size-copy.jpg,rhyacotritonidae,bovidae
rhyacotritonidae\21744536_1039032_eol-full-size-copy.jpg,rhyacotritonidae,salamandridae
rhyacotritonidae\21744541_1039032_eol-full-size-copy.jpg,rhyacotritonidae,salamandridae
rhyacotritonidae\21744545_1039032_eol-full-size-copy.jpg,rhyacotritonidae,formicidae
rhyacotritonidae\21744551_1039032_eol-full-size-copy.jpg,rhyacotritonidae,salamandridae
salamandridae\21385258_330419_eol-full-size-copy.jpg,salamandridae,iguanidae
salamandridae\21499620_289670_eol-full-size-copy.jpg,salamandridae,psittacidae
salamandridae\21499631_289670_eol-full-size-copy.jpg,salamandridae,accipitridae
salamandridae\21801359_4357897_eol-full-size-copy.jpg,salamandridae,salamandridae
salamandridae\22308476_1019469_eol-full-size-copy.jpg,salamandridae,myliobatidae
salamandridae\22308477_1019469_eol-full-size-copy.jpg,salamandridae,acroporidae
salamandridae\22368505_1048040_eol-full-size-copy.jpg,salamandridae,bucerotidae
salamandridae\22368506_1048040_eol-full-size-copy.jpg,salamandridae,salamandridae
salamandridae\22368511_1048040_eol-full-size-copy.jpg,salamandridae,carcharhinidae
salamandridae\22951760_331513_eol-full-size-copy.jpg,salamandridae,acroporidae
salamandridae\28516489_1048224_eol-full-size-copy.jpg,salamandridae,carcharhinidae
salamandridae\28669198_330971_eol-full-size-copy.jpg,salamandridae,carcharhinidae
salamandridae\28913268_330971_eol-full-size-copy.jpg,salamandridae,salamandridae
salamandridae\28913272_330971_eol-full-size-copy.jpg,salamandridae,salamandridae
salamandridae\29842128_330419_eol-full-size-copy.jpg,salamandridae,plethodontidae
salamandridae\8751084_332461_eol-full-size-copy.jpg,salamandridae,salamandridae
salamandridae\8751114_332461_eol-full-size-copy.jpg,salamandridae,salamandridae
salamandridae\8765530_330419_eol-full-size-copy.jpg,salamandridae,salamandridae
salamandridae\8765533_330419_eol-full-size-copy.jpg,salamandridae,salamandridae
salamandridae\8777082_331513_eol-full-size-copy.jpg,salamandridae,salamandridae
salamandridae\8777088_331513_eol-full-size-copy.jpg,salamandridae,acroporidae
salamandridae\8777098_331513_eol-full-size-copy.jpg,salamandridae,salamandridae
salamandridae\8814848_330971_eol-full-size-copy.jpg,salamandridae,formicidae
salamandridae\8814850_330971_eol-full-size-copy.jpg,salamandridae,bovidae
salamandridae\8936930_4357897_eol-full-size-copy.jpg,salamandridae,salamandridae
salamandridae\8945069_1019469_eol-full-size-copy.jpg,salamandridae,bovidae
salamandridae\8945070_1019469_eol-full-size-copy.jpg,salamandridae,laridae
salmonidae\20515559_46563153_eol-full-size-copy.jpg,salmonidae,bufonidae
salmonidae\20515566_46563153_eol-full-size-copy.jpg,salmonidae,acroporidae
salmonidae\29470326_46563153_eol-full-size-copy.jpg,salmonidae,plethodontidae
scincidae\29680311_47047909_eol-full-size-copy.jpg,scincidae,psittacidae
scincidae\29680318_47047909_eol-full-size-copy.jpg,scincidae,anatidae
scincidae\29680323_47047909_eol-full-size-copy.jpg,scincidae,formicidae
sciuridae\20005863_311549_eol-full-size-copy.jpg,sciuridae,laridae
sciuridae\20005868_311549_eol-full-size-copy.jpg,sciuridae,plethodontidae
sciuridae\20005878_311549_eol-full-size-copy.jpg,sciuridae,bovidae
scolopacidae\28259183_45513587_eol-full-size-copy.jpg,scolopacidae,bufonidae
scolopacidae\29561848_45513587_eol-full-size-copy.jpg,scolopacidae,formicidae
scolopacidae\30017071_45509191_eol-full-size-copy.jpg,scolopacidae,salamandridae
scolopacidae\30017083_45509191_eol-full-size-copy.jpg,scolopacidae,psittacidae
scolopacidae\30017087_45509191_eol-full-size-copy.jpg,scolopacidae,cercopithecidae
scolopacidae\9461259_45513587_eol-full-size-copy.jpg,scolopacidae,formicidae
scombridae\22410744_46577312_eol-full-size-copy.jpg,scombridae,carcharhinidae
scombridae\22410745_46577312_eol-full-size-copy.jpg,scombridae,psittacidae
scombridae\29105235_46577312_eol-full-size-copy.jpg,scombridae,carcharhinidae
serranidae\12312065_46579618_eol-full-size-copy.jpg,serranidae,formicidae
serranidae\14061436_46579700_eol-full-size-copy.jpg,serranidae,bucerotidae
serranidae\20080366_46579618_eol-full-size-copy.jpg,serranidae,psittacidae
serranidae\20080377_46579618_eol-full-size-copy.jpg,serranidae,acipenseridae
serranidae\20345313_46579619_eol-full-size-copy.jpg,serranidae,serranidae
serranidae\20345314_46579619_eol-full-size-copy.jpg,serranidae,ursidae
serranidae\24577108_46579700_eol-full-size-copy.jpg,serranidae,carcharhinidae
serranidae\24589056_46579619_eol-full-size-copy.jpg,serranidae,dasyatidae
serranidae\29603927_46579700_eol-full-size-copy.jpg,serranidae,carcharhinidae
siderastreidae\20132855_45276959_eol-full-size-copy.jpg,siderastreidae,carcharhinidae
siderastreidae\20132869_45276959_eol-full-size-copy.jpg,siderastreidae,atelidae
siderastreidae\2746808_45276959_eol-full-size-copy.jpg,siderastreidae,acroporidae
siluridae\20663363_205714_eol-full-size-copy.jpg,siluridae,cercopithecidae
siluridae\28479512_205714_eol-full-size-copy.jpg,siluridae,euphylliidae
siluridae\28479513_205714_eol-full-size-copy.jpg,siluridae,acroporidae
somniosidae\14180249_46560310_eol-full-size-copy.jpg,somniosidae,formicidae
somniosidae\29707251_46560310_eol-full-size-copy.jpg,somniosidae,carcharhinidae
somniosidae\29707255_46560310_eol-full-size-copy.jpg,somniosidae,salamandridae
soricidae\21684276_124135_eol-full-size-copy.jpg,soricidae,cercopithecidae
soricidae\21684283_124135_eol-full-size-copy.jpg,soricidae,cercopithecidae
soricidae\30100882_124135_eol-full-size-copy.jpg,soricidae,cercopithecidae
sparidae\12311769_46580005_eol-full-size-copy.jpg,sparidae,rajidae
sparidae\12311772_46580005_eol-full-size-copy.jpg,sparidae,formicidae
sparidae\14134480_46580005_eol-full-size-copy.jpg,sparidae,acroporidae
sparidae\21866393_46580005_eol-full-size-copy.jpg,sparidae,carcharhinidae
sparidae\21866406_46580005_eol-full-size-copy.jpg,sparidae,bucerotidae
sparidae\29538601_46580048_eol-full-size-copy.jpg,sparidae,carcharhinidae
spheniscidae\10832862_45512091_eol-full-size-copy.jpg,spheniscidae,laridae
spheniscidae\14081609_45511492_eol-full-size-copy.jpg,spheniscidae,diomedeidae
spheniscidae\20830152_45511492_eol-full-size-copy.jpg,spheniscidae,carcharhinidae
spheniscidae\21580639_45512086_eol-full-size-copy.jpg,spheniscidae,carcharhinidae
spheniscidae\28939526_45512084_eol-full-size-copy.jpg,spheniscidae,cercopithecidae
spheniscidae\28939534_45512084_eol-full-size-copy.jpg,spheniscidae,agariciidae
spheniscidae\28939540_45512084_eol-full-size-copy.jpg,spheniscidae,anatidae
spheniscidae\29395528_45511492_eol-full-size-copy.jpg,spheniscidae,formicidae
spheniscidae\29428351_45512086_eol-full-size-copy.jpg,spheniscidae,laridae
spheniscidae\29428354_45512086_eol-full-size-copy.jpg,spheniscidae,diomedeidae
spheniscidae\29442498_45512091_eol-full-size-copy.jpg,spheniscidae,plethodontidae
spheniscidae\8775143_45512086_eol-full-size-copy.jpg,spheniscidae,diomedeidae
sphyrnidae\10432214_46559947_eol-full-size-copy.jpg,sphyrnidae,carcharhinidae
sphyrnidae\10832893_46559951_eol-full-size-copy.jpg,sphyrnidae,bovidae
sphyrnidae\24592545_46559948_eol-full-size-copy.jpg,sphyrnidae,carcharhinidae
sphyrnidae\2747456_46559951_eol-full-size-copy.jpg,sphyrnidae,carcharhinidae
sphyrnidae\28212360_46559948_eol-full-size-copy.jpg,sphyrnidae,carcharhinidae
sphyrnidae\30011667_46559948_eol-full-size-copy.jpg,sphyrnidae,carcharhinidae
sphyrnidae\30077879_46559947_eol-full-size-copy.jpg,sphyrnidae,carcharhinidae
sphyrnidae\30077891_46559947_eol-full-size-copy.jpg,sphyrnidae,carcharhinidae
sphyrnidae\30077892_46559947_eol-full-size-copy.jpg,sphyrnidae,carcharhinidae
squalidae\28283024_46560201_eol-full-size-copy.jpg,squalidae,carcharhinidae
squalidae\29416505_46560201_eol-full-size-copy.jpg,squalidae,bovidae
squalidae\29416519_46560201_eol-full-size-copy.jpg,squalidae,formicidae
squatinidae\20404063_46560323_eol-full-size-copy.jpg,squatinidae,carcharhinidae
squatinidae\20404065_46560323_eol-full-size-copy.jpg,squatinidae,carcharhinidae
squatinidae\24590496_46560323_eol-full-size-copy.jpg,squatinidae,carcharhinidae
stichopodidae\14048640_2984557_eol-full-size-copy.jpg,stichopodidae,bufonidae
stichopodidae\22180219_2984557_eol-full-size-copy.jpg,stichopodidae,labridae
stichopodidae\22595473_2984563_eol-full-size-copy.jpg,stichopodidae,serranidae
stichopodidae\22595481_2984563_eol-full-size-copy.jpg,stichopodidae,bovidae
stichopodidae\22595484_2984563_eol-full-size-copy.jpg,stichopodidae,bufonidae
stichopodidae\29786668_2984563_eol-full-size-copy.jpg,stichopodidae,salamandridae
strigidae\20992349_47363970_eol-full-size-copy.jpg,strigidae,laridae
strigidae\29910669_47363970_eol-full-size-copy.jpg,strigidae,diomedeidae
strigidae\29910689_47363970_eol-full-size-copy.jpg,strigidae,bovidae
strigopidae\29328871_45517890_eol-full-size-copy.jpg,strigopidae,chamaeleonidae
strigopidae\29328877_45517890_eol-full-size-copy.jpg,strigopidae,dactyloidae
strigopidae\29328878_45517890_eol-full-size-copy.jpg,strigopidae,acroporidae
syngnathidae\2718901_46567771_eol-full-size-copy.jpg,syngnathidae,salamandridae
syngnathidae\2718903_46567771_eol-full-size-copy.jpg,syngnathidae,chaetodontidae
syngnathidae\2718966_46567771_eol-full-size-copy.jpg,syngnathidae,cercopithecidae
syngnathidae\2718988_46567771_eol-full-size-copy.jpg,syngnathidae,dactyloidae
syngnathidae\2719049_46567809_eol-full-size-copy.jpg,syngnathidae,formicidae
syngnathidae\2719089_46567809_eol-full-size-copy.jpg,syngnathidae,salamandridae
testudinidae\14111240_794293_eol-full-size-copy.jpg,testudinidae,salamandridae
testudinidae\29620729_794282_eol-full-size-copy.jpg,testudinidae,acroporidae
testudinidae\29620748_794282_eol-full-size-copy.jpg,testudinidae,formicidae
testudinidae\29620751_794282_eol-full-size-copy.jpg,testudinidae,salamandridae
testudinidae\29913199_794293_eol-full-size-copy.jpg,testudinidae,accipitridae
testudinidae\29913227_794293_eol-full-size-copy.jpg,testudinidae,cercopithecidae
tettigoniidae\13989194_858738_eol-full-size-copy.jpg,tettigoniidae,acroporidae
tettigoniidae\20894717_858738_eol-full-size-copy.jpg,tettigoniidae,salamandridae
tettigoniidae\29822068_858738_eol-full-size-copy.jpg,tettigoniidae,formicidae
theraphosidae\14159842_1181772_eol-full-size-copy.jpg,theraphosidae,iguanidae
theraphosidae\14159845_1181772_eol-full-size-copy.jpg,theraphosidae,anatidae
theraphosidae\8895649_1181772_eol-full-size-copy.jpg,theraphosidae,formicidae
thraupidae\13596484_1050315_eol-full-size-copy.jpg,thraupidae,plethodontidae
thraupidae\13596486_1050315_eol-full-size-copy.jpg,thraupidae,plethodontidae
thraupidae\20743469_1052882_eol-full-size-copy.jpg,thraupidae,bovidae
thraupidae\20743470_1052882_eol-full-size-copy.jpg,thraupidae,salamandridae
thraupidae\20743478_1052882_eol-full-size-copy.jpg,thraupidae,bucerotidae
thraupidae\21378160_45513537_eol-full-size-copy.jpg,thraupidae,salamandridae
thraupidae\2740046_45513537_eol-full-size-copy.jpg,thraupidae,procellariidae
thraupidae\29808418_1052882_eol-full-size-copy.jpg,thraupidae,bucerotidae
thraupidae\29859851_45513537_eol-full-size-copy.jpg,thraupidae,delphinidae
trionychidae\21608620_46559486_eol-full-size-copy.jpg,trionychidae,salamandridae
trionychidae\29992195_46559486_eol-full-size-copy.jpg,trionychidae,serranidae
trionychidae\29992219_46559486_eol-full-size-copy.jpg,trionychidae,acroporidae
triopsidae\22961878_1041309_eol-full-size-copy.jpg,triopsidae,bovidae
triopsidae\22961889_1041309_eol-full-size-copy.jpg,triopsidae,formicidae
triopsidae\8751599_1041309_eol-full-size-copy.jpg,triopsidae,salamandridae
trochilidae\21360915_45512248_eol-full-size-copy.jpg,trochilidae,acroporidae
trochilidae\21360921_45512248_eol-full-size-copy.jpg,trochilidae,bovidae
trochilidae\21360922_45512248_eol-full-size-copy.jpg,trochilidae,acroporidae
trochilidae\21360923_45512248_eol-full-size-copy.jpg,trochilidae,plethodontidae
trochilidae\22301466_45512251_eol-full-size-copy.jpg,trochilidae,bovidae
trochilidae\22301473_45512251_eol-full-size-copy.jpg,trochilidae,trochilidae
trochilidae\28251896_45512248_eol-full-size-copy.jpg,trochilidae,plethodontidae
trochilidae\28881381_45512273_eol-full-size-copy.jpg,trochilidae,bovidae
trochilidae\28928220_45512251_eol-full-size-copy.jpg,trochilidae,anatidae
trogonidae\22662183_45511624_eol-full-size-copy.jpg,trogonidae,acroporidae
trogonidae\22662185_45511624_eol-full-size-copy.jpg,trogonidae,accipitridae
trogonidae\22662192_45511624_eol-full-size-copy.jpg,trogonidae,bovidae
tropiduridae\14012519_791461_eol-full-size-copy.jpg,tropiduridae,bovidae
tropiduridae\20803063_791461_eol-full-size-copy.jpg,tropiduridae,bovidae
tropiduridae\8761352_791461_eol-full-size-copy.jpg,tropiduridae,bovidae
turdidae\13598684_45510188_eol-full-size-copy.jpg,turdidae,atelidae
turdidae\20927228_45510209_eol-full-size-copy.jpg,turdidae,bovidae
turdidae\20927245_45510209_eol-full-size-copy.jpg,turdidae,carcharhinidae
turdidae\20927246_45510209_eol-full-size-copy.jpg,turdidae,carcharhinidae
turdidae\22399640_45510188_eol-full-size-copy.jpg,turdidae,acroporidae
turdidae\22399644_45510188_eol-full-size-copy.jpg,turdidae,bovidae
unionidae\12853730_449393_eol-full-size-copy.jpg,unionidae,haliotidae
unionidae\12853732_449393_eol-full-size-copy.jpg,unionidae,bufonidae
unionidae\21411787_449393_eol-full-size-copy.jpg,unionidae,acroporidae
unionidae\21411790_449393_eol-full-size-copy.jpg,unionidae,salamandridae
unionidae\21411804_449393_eol-full-size-copy.jpg,unionidae,laridae
unionidae\2744857_449459_eol-full-size-copy.jpg,unionidae,cercopithecidae
urolophidae\20206318_46561068_eol-full-size-copy.jpg,urolophidae,cercopithecidae
urolophidae\2752484_46561068_eol-full-size-copy.jpg,urolophidae,goodeidae
urolophidae\29433347_46561068_eol-full-size-copy.jpg,urolophidae,plethodontidae
ursidae\15261934_328070_eol-full-size-copy.jpg,ursidae,ursidae
ursidae\15261938_328070_eol-full-size-copy.jpg,ursidae,bucerotidae
ursidae\20857170_328076_eol-full-size-copy.jpg,ursidae,cercopithecidae
ursidae\20857176_328076_eol-full-size-copy.jpg,ursidae,iguanidae
ursidae\29014751_328076_eol-full-size-copy.jpg,ursidae,carcharhinidae
ursidae\8819287_328070_eol-full-size-copy.jpg,ursidae,psittacidae
vangidae\21288496_45514240_eol-full-size-copy.jpg,vangidae,cercopithecidae
vangidae\21288510_45514240_eol-full-size-copy.jpg,vangidae,atelidae
vangidae\28914694_45514240_eol-full-size-copy.jpg,vangidae,iguanidae
vespertilionidae\15268451_327255_eol-full-size-copy.jpg,vespertilionidae,vespertilionidae
vespertilionidae\20183855_327255_eol-full-size-copy.jpg,vespertilionidae,bufonidae
vespertilionidae\20183866_327255_eol-full-size-copy.jpg,vespertilionidae,salamandridae
vespertilionidae\20183870_327255_eol-full-size-copy.jpg,vespertilionidae,otariidae
vespertilionidae\29338314_327255_eol-full-size-copy.jpg,vespertilionidae,dactyloidae
vespertilionidae\29338317_327255_eol-full-size-copy.jpg,vespertilionidae,anatidae
viperidae\20908298_1057051_eol-full-size-copy.jpg,viperidae,bovidae
viperidae\20908301_1057051_eol-full-size-copy.jpg,viperidae,acroporidae
viperidae\29431450_1057051_eol-full-size-copy.jpg,viperidae,bufonidae
vireonidae\29704181_45509933_eol-full-size-copy.jpg,vireonidae,laridae
vireonidae\29704183_45509933_eol-full-size-copy.jpg,vireonidae,cercopithecidae
vireonidae\29704193_45509933_eol-full-size-copy.jpg,vireonidae,cercopithecidae
vombatidae\22292560_47048632_eol-full-size-copy.jpg,vombatidae,spheniscidae
vombatidae\22292573_47048632_eol-full-size-copy.jpg,vombatidae,salamandridae
vombatidae\29776096_47048632_eol-full-size-copy.jpg,vombatidae,formicidae
zonitidae\20925368_4890709_eol-full-size-copy.jpg,zonitidae,cercopithecidae
zonitidae\20925374_4890709_eol-full-size-copy.jpg,zonitidae,formicidae
zonitidae\20925375_4890709_eol-full-size-copy.jpg,zonitidae,spheniscidae
